node_id,name,x_coord,y_coord,node_type,zone_id
0,,-92.6291543,41.2883596,,
1,,-92.6290992,41.2894232,,
2,,-92.6173867,41.2854394,,
3,,-92.6189966,41.28544520000001,,
4,,-92.6203214,41.28545,,
5,,-92.6216467,41.2854548,,
6,,-92.6592231,41.2952939,,
7,,-92.6592177,41.2962038,,
8,,-92.6592032,41.2970924,,
9,,-92.6591974,41.2984588,,
10,,-92.6592145,41.2993493,,
11,,-92.6614097,41.3009698,,
12,,-92.6613877,41.3021935,,
13,,-92.6613829,41.3034436,,
14,,-92.6614198,41.3046939,,
15,,-92.6614372,41.3052941,,
16,,-92.6458623,41.3190019,,
17,,-92.648233,41.3186446,,
18,,-92.6270092,41.2995039,,
19,,-92.6273579,41.2996411,,
20,,-92.62735759999998,41.2990405,,
21,,-92.6252488,41.29979210000001,,
22,,-92.6241667,41.299846,,
23,,-92.6216963,41.2999223,,
24,,-92.6207849,41.2962063,,
25,,-92.6223843,41.2959716,,
26,,-92.6217986,41.2959665,,
27,,-92.6185125,41.2959466,,
28,,-92.6179744,41.2959428,,
29,,-92.5338216,41.30283970000001,,
30,,-92.5296944,41.3068317,,
31,,-92.717839,41.277735,,
32,,-92.7180874,41.2779487,,
33,,-92.6627281,41.2944519,,
34,,-92.662692,41.2952862,,
35,,-92.7011528,41.2676625,,
36,,-92.6252227,41.2961989,,
37,,-92.6252196,41.2959603,,
38,,-92.6297418,41.29594390000001,,
39,,-92.53982059999998,41.2873628,,
40,,-92.603958,41.311166,,
41,,-92.60311,41.310403,,
42,,-92.7176797,41.2779487,,
43,,-92.6513699,41.3278593,,
44,,-92.6507011,41.3278071,,
45,,-92.6521438,41.2843971,,
46,,-92.651271,41.2843956,,
47,,-92.5390801,41.2798351,,
48,,-92.5395108,41.2852961,,
49,,-92.679659,41.341367,,
50,,-92.681364,41.34157800000001,,
51,,-92.6624529,41.3053032,,
52,,-92.6601936,41.30528620000001,,
53,,-92.6175777,41.2878389,,
54,,-92.6173008,41.2890823,,
55,,-92.6735428,41.2961787,,
56,,-92.6145469,41.287068100000006,,
57,,-92.6173849,41.2870575,,
58,,-92.6765546,41.2809417,,
60,,-92.6184475,41.2915768,,
61,,-92.6183279,41.2920448,,
62,,-92.6458976,41.324025,,
63,,-92.6460184,41.326779,,
64,,-92.603108,41.310663,,
65,,-92.60326,41.311029,,
66,,-92.66,41.2820922,,
67,,-92.658472,41.2815767,,
68,,-92.6560219,41.2826833,,
69,,-92.649507,41.33087800000001,,
70,,-92.6505031,41.3330386,,
71,,-92.6478843,41.3077498,,
72,,-92.6478916,41.3086951,,
73,,-92.6318709,41.3034072,,
74,,-92.6318511,41.3037237,,
75,,-92.6317668,41.3052215,,
76,,-92.6329239,41.3057706,,
77,,-92.634271,41.3065739,,
78,,-92.6345338,41.3034116,,
79,,-92.5404281,41.28943870000001,,
80,,-92.5401385,41.2904673,,
81,,-92.5419744,41.2900945,,
82,,-92.5417454,41.2912182,,
83,,-92.5418307,41.2901545,,
84,,-92.5434478,41.28889570000001,,
85,,-92.6528521,41.2819109,,
86,,-92.6551196,41.2827589,,
87,,-92.6533211,41.28526770000001,,
88,,-92.6185181,41.2961962,,
89,,-92.6575374,41.2838044,,
90,,-92.6599974,41.2841206,,
91,,-92.6545026,41.3034045,,
92,,-92.6556918,41.3033988,,
93,,-92.5405091,41.2866745,,
94,,-92.543035,41.2863841,,
95,,-92.5405904,41.2847927,,
96,,-92.5412199,41.28666550000001,,
98,,-92.538483,41.2851766,,
99,,-92.5381373,41.2854018,,
100,,-92.5378497,41.2857242,,
101,,-92.679669,41.338505,,
102,,-92.678034,41.338518,,
103,,-92.67966,41.341109,,
104,,-92.678085,41.341109,,
105,,-92.617194,41.31619600000001,,
106,,-92.616586,41.316286,,
107,,-92.6034374,41.2867264,,
108,,-92.6032094,41.2867514,,
109,,-92.6031594,41.2869014,,
110,,-92.6031094,41.2866274,,
111,,-92.658596,41.335498,,
112,,-92.65861,41.336424,,
113,,-92.658613,41.336638,,
114,,-92.657828,41.336567,,
115,,-92.66000490000002,41.2852765,,
116,,-92.612748,41.310261,,
117,,-92.613261,41.310011,,
118,,-92.6033971,41.2894416,,
119,,-92.6025431,41.2891386,,
121,,-92.6410561,41.3255351,,
122,,-92.6424113,41.3255194,,
123,,-92.593558,41.329143,,
124,,-92.5930599,41.3289225,,
125,,-92.6185219,41.28664379999999,,
126,,-92.6189842,41.2866433,,
127,,-92.6187984,41.2879205,,
128,,-92.6185838,41.2891967,,
129,,-92.618628,41.2905411,,
130,,-92.6186222,41.2912213,,
131,,-92.683903,41.285166,,
132,,-92.683904,41.285288,,
133,,-92.5348462,41.2957674,,
134,,-92.5434499,41.287932,,
135,,-92.5434014,41.2881315,,
136,,-92.649848,41.3018015,,
137,,-92.6506316,41.301808,,
138,,-92.632305,41.2562869,,
139,,-92.63179,41.2559723,,
140,,-92.6574383,41.2840105,,
141,,-92.621801,41.2962102,,
143,,-92.6795411,41.2635716,,
144,,-92.6798608,41.269026200000006,,
145,,-92.6224256,41.3108328,,
146,,-92.6318689,41.30102460000001,,
147,,-92.6305102,41.3010313,,
148,,-92.6439101,41.300764,,
149,,-92.6451228,41.3007588,,
150,,-92.6366785,41.3009406,,
151,,-92.6356768,41.3010084,,
152,,-92.6203419,41.2889381,,
153,,-92.6216395,41.2889549,,
154,,-92.6270005,41.2871512,,
155,,-92.6306975,41.288976,,
156,,-92.6319138,41.2889696,,
157,,-92.6338676,41.2889768,,
158,,-92.6350963,41.2889675,,
159,,-92.636791,41.2889582,,
160,,-92.5348585,41.29293970000001,,
161,,-92.555212,41.292948,,
162,,-92.549105,41.293063,,
163,,-92.6451081,41.2953139,,
164,,-92.6451258,41.2962328,,
165,,-92.6451225,41.2971209,,
166,,-92.6451161,41.2984877,,
167,,-92.6451221,41.3016791,,
168,,-92.645246,41.3034792,,
169,,-92.645292,41.3043549,,
170,,-92.6453228,41.3049174,,
171,,-92.645415,41.3062027,,
172,,-92.6454985,41.30741629999999,,
173,,-92.64551740000002,41.3077531,,
174,,-92.6456775,41.3113402,,
175,,-92.6457312,41.3124858,,
176,,-92.6457467,41.312875,,
177,,-92.6458438,41.3169881,,
178,,-92.6458665,41.3196308,,
179,,-92.6438928,41.295321,,
180,,-92.6438928,41.2962368,,
181,,-92.6439061,41.2971198,,
182,,-92.6439072,41.298494700000006,,
183,,-92.6439167,41.3016778,,
184,,-92.6439279,41.3028609,,
185,,-92.6439376,41.3043574,,
186,,-92.6600217,41.2870789,,
187,,-92.660018,41.2880291,,
188,,-92.6600191,41.2885113,,
189,,-92.66002,41.2888196,,
190,,-92.6600256,41.292501,,
191,,-92.6600239,41.2934633,,
192,,-92.6599503,41.2939131,,
193,,-92.6455972,41.2815937,,
194,,-92.6456409,41.2824797,,
195,,-92.6456504,41.2833854,,
196,,-92.6456593,41.2842899,,
197,,-92.6456557,41.28526289999999,,
198,,-92.6453331,41.286528,,
199,,-92.6450926,41.2876411,,
200,,-92.6450809,41.2880488,,
201,,-92.645085,41.2894704,,
202,,-92.645091,41.28984370000001,,
203,,-92.6450913,41.28994960000001,,
204,,-92.6450832,41.29083710000001,,
205,,-92.6450943,41.2917247,,
206,,-92.6450996,41.2926117,,
207,,-92.645111,41.2934971,,
208,,-92.6450944,41.29440870000001,,
209,,-92.6438509,41.3082586,,
210,,-92.64385959999998,41.3112158,,
211,,-92.6474333,41.2880314,,
212,,-92.6486171,41.288028,,
213,,-92.6497939,41.2880285,,
214,,-92.6510096,41.288030600000006,,
215,,-92.6521922,41.2880274,,
216,,-92.6614648,41.2880209,,
217,,-92.6318955,41.2985328,,
218,,-92.6333322,41.298527,,
219,,-92.6345096,41.29852260000001,,
220,,-92.6356823,41.2985182,,
221,,-92.6366872,41.2985144,,
222,,-92.6380235,41.2985094,,
223,,-92.6391899,41.298505,,
224,,-92.6403643,41.2985006,,
225,,-92.6415325,41.2984962,,
226,,-92.6426995,41.2985001,,
227,,-92.688846,41.271343,,
229,,-92.6859223,41.2736634,,
230,,-92.683849,41.275319,,
231,,-92.6833616,41.2757054,,
232,,-92.6829429,41.2759143,,
233,,-92.6815793,41.2763626,,
234,,-92.6802845,41.2767824,,
235,,-92.678999,41.2778061,,
236,,-92.6782265,41.27804550000001,,
237,,-92.6509091,41.3356254,,
238,,-92.679679,41.335469,,
239,,-92.698894,41.335377,,
240,,-92.70372,41.335445,,
241,,-92.6225349,41.3356386,,
242,,-92.6410991,41.335673,,
243,,-92.6487759,41.3355727,,
244,,-92.6190354,41.2841529,,
245,,-92.6189883,41.2868604,,
246,,-92.6189777,41.287922,,
247,,-92.650938,41.2934386,,
248,,-92.650999,41.292596,,
249,,-92.650994,41.2917101,,
250,,-92.65102,41.28696160000001,,
251,,-92.6510205,41.286742,,
252,,-92.6415575,41.30286470000001,,
253,,-92.6427036,41.3028754,,
254,,-92.6498322,41.2953077,,
255,,-92.6498373,41.2962148,,
256,,-92.6498457,41.29709860000001,,
257,,-92.6498414,41.2984756,,
258,,-92.6498538,41.29935029999999,,
259,,-92.6498464,41.3007405,,
260,,-92.6498468,41.3011183,,
261,,-92.6469443,41.3077407,,
262,,-92.648282,41.3077429,,
263,,-92.6495042,41.3077394,,
264,,-92.6506619,41.307741,,
265,,-92.6600369,41.2744228,,
266,,-92.6415643,41.307426,,
267,,-92.564631,41.263677,,
268,,-92.564601,41.270975,,
269,,-92.564783,41.289072,,
270,,-92.555379,41.332649,,
271,,-92.560107,41.332685,,
272,,-92.5262093,41.2604052,,
273,,-92.5360006,41.2896146,,
274,,-92.5359604,41.29016160000001,,
275,,-92.5362621,41.2884372,,
276,,-92.5359901,41.2872532,,
277,,-92.6467158,41.3141581,,
278,,-92.6556799,41.28993300000001,,
279,,-92.6556713,41.290823,,
280,,-92.6556691,41.291259,,
281,,-92.6556684,41.2916995,,
282,,-92.6556676,41.2925376,,
283,,-92.6556668,41.2934685,,
284,,-92.6556808,41.2943652,,
285,,-92.6556897,41.2953089,,
286,,-92.6521904,41.2869708,,
287,,-92.6127258,41.31415300000001,,
288,,-92.6031522,41.3163314,,
289,,-92.5984414,41.3165608,,
290,,-92.6822273,41.27377,,
291,,-92.6828246,41.2747574,,
292,,-92.6234881,41.292705,,
293,,-92.6296357,41.29267460000001,,
294,,-92.6319214,41.2926734,,
295,,-92.6344703,41.2926597,,
296,,-92.6356392,41.292656,,
297,,-92.636821,41.29263579999999,,
298,,-92.6379897,41.2926434,,
299,,-92.6391698,41.2926392,,
300,,-92.6403389,41.2926324,,
301,,-92.641506,41.2926313,,
302,,-92.6426681,41.2926178,,
303,,-92.6438675,41.2926098,,
304,,-92.6618065,41.28353900000001,,
305,,-92.6414744,41.2894374,,
306,,-92.6426552,41.2894393,,
307,,-92.6438415,41.2894508,,
308,,-92.6878272,41.2927561,,
309,,-92.6782347,41.2961655,,
311,,-92.6126936,41.2960841,,
312,,-92.6031154,41.296159,,
313,,-92.5839624,41.2963515,,
314,,-92.5696126,41.29641210000001,,
315,,-92.5551828,41.296574,,
316,,-92.5476244,41.2991545,,
317,,-92.54618990000002,41.2998356,,
318,,-92.5407829,41.30246339999999,,
319,,-92.6888368,41.2922438,,
320,,-92.7225859,41.2867414,,
322,,-92.66517,41.2961613,,
323,,-92.6426863,41.29533,,
324,,-92.6415328,41.295339,,
325,,-92.6403519,41.2953364,,
326,,-92.6380143,41.2953537,,
327,,-92.6368327,41.2953599,,
328,,-92.6344933,41.29535300000001,,
329,,-92.6342707,41.2953508,,
330,,-92.6319073,41.295367,,
331,,-92.640421,41.283089200000006,,
332,,-92.6367648,41.2831458,,
333,,-92.6426255,41.28339620000001,,
334,,-92.643779,41.2833943,,
335,,-92.6271098,41.2846834,,
336,,-92.62699659999998,41.2856572,,
337,,-92.6269879,41.2864082,,
338,,-92.6585681,41.2885476,,
339,,-92.6463231,41.30076029999999,,
340,,-92.647506,41.3007559,,
341,,-92.6486801,41.30074310000001,,
342,,-92.6403667,41.29625479999999,,
343,,-92.6403605,41.2971416,,
344,,-92.6403742,41.3003429,,
345,,-92.6403749,41.3016658,,
346,,-92.6403853,41.30340800000001,,
347,,-92.6403949,41.3043564,,
348,,-92.6404429,41.3048934,,
349,,-92.6506398,41.3062029,,
350,,-92.6494886,41.306211,,
351,,-92.6482694,41.3062136,,
352,,-92.6469489,41.3061977,,
353,,-92.662568,41.30468370000001,,
354,,-92.6602309,41.3047044,,
355,,-92.6031064,41.2794759,,
356,,-92.6033361,41.2853484,,
357,,-92.598346,41.314234,,
358,,-92.5937816,41.3289162,,
359,,-92.6030496,41.26533320000001,,
360,,-92.6029775,41.269761,,
361,,-92.6030608,41.27084979999999,,
362,,-92.5970384,41.338316,,
364,,-92.6475288,41.2762207,,
365,,-92.652822,41.27622279999999,,
366,,-92.62969040000002,41.2944735,,
367,,-92.6580389,41.2952937,,
368,,-92.6580415,41.2962069,,
369,,-92.6580316,41.2970959,,
370,,-92.6580227,41.2984579,,
371,,-92.723601,41.314207,,
372,,-92.723693,41.315839,,
373,,-92.6745637,41.3105947,,
374,,-92.6601668,41.3106809,,
375,,-92.6145589,41.2866183,,
376,,-92.6146286,41.2874685,,
377,,-92.6254244,41.2859507,,
378,,-92.625418,41.2871619,,
379,,-92.6126759,41.2982507,,
380,,-92.6059799,41.2673013,,
381,,-92.6222805,41.2672285,,
382,,-92.6298446,41.2672116,,
383,,-92.631896,41.2659786,,
384,,-92.6486633,41.2962133,,
385,,-92.6486555,41.2971042,,
386,,-92.6486673,41.29847460000001,,
387,,-92.648677,41.2993629,,
388,,-92.6486815,41.30347370000001,,
389,,-92.6391904,41.296257,,
390,,-92.6391967,41.2971421,,
391,,-92.6392309,41.3002902,,
392,,-92.646278,41.2898365,,
393,,-92.6462809,41.29083320000001,,
394,,-92.6462834,41.29172020000001,,
395,,-92.646286,41.2926093,,
396,,-92.6462885,41.2934932,,
397,,-92.6463283,41.2984849,,
398,,-92.6475021,41.2984852,,
399,,-92.6510253,41.2984716,,
400,,-92.6533431,41.2984555,,
401,,-92.6545129,41.298463,,
402,,-92.6556908,41.298463,,
403,,-92.6568643,41.2984619,,
404,,-92.6463325,41.3026436,,
405,,-92.6475284,41.3026436,,
406,,-92.569636,41.286815,,
407,,-92.569637,41.289095,,
408,,-92.569729,41.307239,,
409,,-92.570304,41.311447,,
410,,-92.593122,41.285282,,
411,,-92.592947,41.287439,,
412,,-92.6203429,41.2897947,,
413,,-92.6216424,41.2898035,,
414,,-92.6344987,41.2900282,,
415,,-92.6356446,41.2899911,,
416,,-92.6367956,41.28998370000001,,
417,,-92.637984,41.2899756,,
418,,-92.6391473,41.2899747,,
419,,-92.6403234,41.2899821,,
420,,-92.6414797,41.2899665,,
421,,-92.642653,41.2899626,,
422,,-92.643854,41.289962,,
423,,-92.6203454,41.28837539999999,,
424,,-92.6380075,41.296264,,
425,,-92.6380165,41.2971516,,
426,,-92.6380354,41.3003368,,
427,,-92.6381472,41.3034287,,
428,,-92.6533459,41.2953079,,
429,,-92.6533434,41.2962068,,
430,,-92.653334,41.2970804,,
431,,-92.6533443,41.2993508,,
432,,-92.6533435,41.3002432,,
433,,-92.65334140000002,41.3011203,,
434,,-92.6404739,41.28159960000001,,
435,,-92.6403001,41.2855626,,
436,,-92.6403101,41.2869583,,
437,,-92.6403043,41.2879862,,
438,,-92.6403285,41.2908546,,
439,,-92.6403337,41.2917408,,
440,,-92.6403441,41.29351679999999,,
441,,-92.6825416,41.2790695,,
442,,-92.6812478,41.2790504,,
443,,-92.6834493,41.2769653,,
444,,-92.6821396,41.2773761,,
445,,-92.6808629,41.277774,,
446,,-92.6835123,41.2733388,,
447,,-92.6840775,41.2743149,,
448,,-92.6229273,41.285205100000006,,
449,,-92.6228809,41.2871848,,
450,,-92.6294197,41.28404310000001,,
451,,-92.6319222,41.2840404,,
452,,-92.642634,41.2843099,,
453,,-92.6437661,41.2843037,,
454,,-92.6801145,41.2738589,,
455,,-92.6803945,41.2743812,,
456,,-92.68097790000002,41.2753401,,
457,,-92.6825146,41.2780359,,
458,,-92.6054164,41.269806,,
459,,-92.6515542,41.2925534,,
460,,-92.6498223,41.2926026,,
461,,-92.648644,41.2926049,,
462,,-92.6474607,41.2926071,,
463,,-92.6530157,41.2925936,,
464,,-92.653351,41.29259310000001,,
465,,-92.6545043,41.2925833,,
466,,-92.6569411,41.2925102,,
467,,-92.6663609,41.292511,,
468,,-92.6515516,41.2917075,,
469,,-92.6391281,41.2873591,,
470,,-92.6391237,41.2879919,,
471,,-92.6391234,41.28866770000001,,
472,,-92.6386942,41.2771593,,
473,,-92.6386054,41.2816052,,
474,,-92.6391548,41.2908612,,
475,,-92.6391624,41.2917564,,
476,,-92.6391773,41.2935262,,
477,,-92.6371976,41.303433,,
478,,-92.6368325,41.2962693,,
479,,-92.6201123,41.2975818,,
480,,-92.6200411,41.2985367,,
482,,-92.637632,41.2761834,,
483,,-92.6293614,41.2707248,,
484,,-92.688755,41.256078,,
485,,-92.688756,41.263376,,
486,,-92.693637,41.263399,,
487,,-92.6935167,41.2707856,,
488,,-92.6463129,41.2953155,,
489,,-92.6476367,41.2957027,,
490,,-92.6489575,41.2952765,,
491,,-92.6510089,41.2953068,,
492,,-92.6545238,41.2953084,,
493,,-92.6568648,41.2952943,,
494,,-92.6438638,41.2908347,,
495,,-92.643878,41.2917286,,
496,,-92.6438725,41.2934883,,
497,,-92.6438804,41.29439910000001,,
498,,-92.6438123,41.2865328,,
499,,-92.6439033,41.2876277,,
500,,-92.6439114,41.287814,,
501,,-92.6437765,41.2815948,,
502,,-92.6437575,41.2824821,,
503,,-92.6437844,41.2852205,,
504,,-92.6415307,41.3003481,,
505,,-92.6318795,41.2997448,,
506,,-92.6305644,41.299781,,
507,,-92.64666,41.3128583,,
508,,-92.6545319,41.2852688,,
509,,-92.6545183,41.28698660000001,,
510,,-92.654514,41.2898028,,
511,,-92.6545178,41.28993370000001,,
512,,-92.6545052,41.2908152,,
513,,-92.6545028,41.29170670000001,,
514,,-92.6545054,41.2934665,,
515,,-92.6545157,41.2943685,,
516,,-92.6416157,41.3043578,,
517,,-92.6427339,41.3043524,,
518,,-92.6987863,41.32508060000001,,
519,,-92.6214686,41.2785943,,
520,,-92.623839,41.2854801,,
521,,-92.6237471,41.2871731,,
522,,-92.6232802,41.2962134,,
523,,-92.6507315,41.32518320000001,,
524,,-92.6512281,41.3396285,,
527,,-92.6528566,41.27436160000001,,
528,,-92.6528293,41.27716470000001,,
530,,-92.6503777,41.25630039999999,,
531,,-92.6506953,41.3193751,,
532,,-92.6507131,41.3215328,,
533,,-92.6479262,41.25629489999999,,
534,,-92.6479681,41.2635201,,
535,,-92.6426935,41.2971227,,
536,,-92.6415291,41.297132,,
537,,-92.6356671,41.2971537,,
538,,-92.6345019,41.297154,,
539,,-92.6333177,41.2971539,,
540,,-92.6318811,41.2971598,,
541,,-92.625262,41.2970696,,
542,,-92.6290549,41.2971601,,
543,,-92.6506272,41.330918200000006,,
544,,-92.6415711,41.308255,,
545,,-92.6427507,41.3082653,,
546,,-92.593612,41.314349,,
547,,-92.5902004,41.3289277,,
548,,-92.6415373,41.3016603,,
549,,-92.6319226,41.2908901,,
550,,-92.6344538,41.2908741,,
551,,-92.6356466,41.290879,,
552,,-92.6368074,41.2908714,,
553,,-92.6379915,41.2908686,,
554,,-92.6414884,41.29085300000001,,
555,,-92.6426562,41.29084320000001,,
556,,-92.6592947,41.2939622,,
557,,-92.6592205,41.2943705,,
560,,-92.6647931,41.2635822,,
561,,-92.674261,41.263285,,
562,,-92.7068059,41.2635002,,
565,,-92.584088,41.328583,,
566,,-92.6273733,41.2985047,,
567,,-92.6264776,41.2985109,,
568,,-92.6497792,41.2852723,,
569,,-92.649788,41.2898152,,
570,,-92.6498034,41.2908216,,
571,,-92.6498133,41.2917076,,
572,,-92.6498202,41.29348770000001,,
573,,-92.6498245,41.2943914,,
574,,-92.6319273,41.2762327,,
575,,-92.6366778,41.27667750000001,,
576,,-92.6612836,41.2744158,,
578,,-92.6647491,41.2743436,,
579,,-92.6742379,41.2743809,,
580,,-92.6456106,41.27620870000001,,
581,,-92.6447214,41.2762079,,
582,,-92.6426418,41.2852055,,
583,,-92.65224,41.2898055,,
584,,-92.6486312,41.2898222,,
585,,-92.6474591,41.2898274,,
586,,-92.6615039,41.2888195,,
587,,-92.555198,41.289119,,
588,,-92.607996,41.2854007,,
589,,-92.583983,41.285318,,
590,,-92.579036,41.285377,,
591,,-92.5450067,41.2860397,,
592,,-92.5551213,41.2864026,,
593,,-92.5345283,41.2854104,,
594,,-92.6319292,41.2811411,,
595,,-92.6415979,41.3109715,,
596,,-92.645517,41.2744567,,
597,,-92.6456248,41.2795898,,
598,,-92.6429092,41.3140222,,
599,,-92.640902,41.3150952,,
600,,-92.7175802,41.2610528,,
601,,-92.6960771,41.2706944,,
602,,-92.6701437,41.2852801,,
603,,-92.6624036,41.28527929999999,,
604,,-92.6747613,41.2821868,,
605,,-92.6808988,41.278052,,
606,,-92.6841912,41.2780211,,
609,,-92.6887161,41.2780421,,
610,,-92.6602245,41.30032979999999,,
611,,-92.6602446,41.3021895,,
612,,-92.6601905,41.306087100000006,,
613,,-92.6379645,41.28736170000001,,
614,,-92.6379766,41.2879973,,
615,,-92.6379844,41.2886709,,
616,,-92.6376877,41.2795589,,
617,,-92.6376933,41.281611,,
618,,-92.6379934,41.291763,,
619,,-92.6379962,41.2935333,,
620,,-92.6380082,41.2944183,,
621,,-92.6356494,41.3016751,,
622,,-92.6356649,41.2962673,,
623,,-92.6789437,41.27444600000001,,
624,,-92.6509691,41.30023370000001,,
625,,-92.6544991,41.300243,,
626,,-92.6556814,41.30024279999999,,
627,,-92.6482648,41.3034697,,
628,,-92.648259,41.3043662,,
629,,-92.64828,41.3056666,,
630,,-92.6506304,41.3043602,,
631,,-92.6469116,41.3044365,,
632,,-92.6344995,41.2962723,,
633,,-92.6367534,41.2795473,,
634,,-92.6367545,41.2809154,,
635,,-92.6367639,41.2816671,,
636,,-92.6367779,41.2860554,,
637,,-92.6367821,41.2869803,,
638,,-92.636787,41.288003,,
639,,-92.6368128,41.2917673,,
640,,-92.6368294,41.2935325,,
641,,-92.6368265,41.2944324,,
642,,-92.6426622,41.2917333,,
643,,-92.6414972,41.291739,,
644,,-92.634468,41.291762,,
645,,-92.6319255,41.2917786,,
646,,-92.6791255,41.2747699,,
647,,-92.6796904,41.2757685,,
648,,-92.6580184,41.2943749,,
649,,-92.6463032,41.2971153,,
650,,-92.6475055,41.2971096,,
651,,-92.6510025,41.29709310000001,,
652,,-92.6545234,41.297093,,
653,,-92.6556877,41.2970935,,
654,,-92.6568623,41.2970863,,
655,,-92.6597321,41.2971016,,
656,,-92.6568602,41.2962028,,
657,,-92.6625427,41.3021976,,
658,,-92.6350914,41.2860647,,
659,,-92.6350932,41.28705120000001,,
660,,-92.6351075,41.28801110000001,,
661,,-92.6356424,41.29353629999999,,
662,,-92.6356545,41.2944286,,
663,,-92.6474525,41.29082929999999,,
664,,-92.6486358,41.2908254,,
665,,-92.6522474,41.2908307,,
666,,-92.58399,41.307809000000006,,
667,,-92.584083,41.314443,,
668,,-92.584077,41.332853,,
669,,-92.6474979,41.2962155,,
670,,-92.6475093,41.2993725,,
671,,-92.647528,41.3034734,,
672,,-92.6455064,41.2808531,,
673,,-92.6623379,41.2870466,,
675,,-92.6521552,41.2852628,,
676,,-92.6342762,41.294441600000006,,
677,,-92.6338452,41.28607150000001,,
678,,-92.633857,41.2870557,,
679,,-92.6338661,41.288017,,
680,,-92.6344728,41.2932178,,
681,,-92.6344805,41.2935464,,
682,,-92.6344664,41.2944408,,
683,,-92.6170047,41.3154575,,
684,,-92.617451,41.317029,,
685,,-92.61704,41.31785,,
686,,-92.61859,41.317234,,
687,,-92.6839203,41.2911068,,
688,,-92.6791547,41.2571797,,
689,,-92.6887928,41.2996935,,
690,,-92.6415235,41.2962495,,
691,,-92.6853765,41.27533070000001,,
692,,-92.6284154,41.3034415,,
693,,-92.6246096,41.30713370000001,,
694,,-92.7228081,41.2779245,,
695,,-92.717559,41.255913,,
696,,-92.717777,41.270556,,
697,,-92.6426829,41.29624620000001,,
698,,-92.6427165,41.2999007,,
699,,-92.648929,41.2943938,,
700,,-92.6485927,41.2870557,,
701,,-92.6486399,41.2917118,,
702,,-92.6506305,41.3056631,,
703,,-92.673976,41.32135200000001,,
704,,-92.66030440000002,41.3215283,,
705,,-92.6458826,41.3215238,,
706,,-92.641111,41.3216482,,
708,,-92.6224468,41.3318639,,
709,,-92.6192775,41.3330898,,
710,,-92.612883,41.3356784,,
711,,-92.6302975,41.2944657,,
712,,-92.6319039,41.2944553,,
713,,-92.6415235,41.2944026,,
714,,-92.6426801,41.29441420000001,,
715,,-92.6319179,41.2860821,,
716,,-92.6750499,41.30802620000001,,
718,,-92.6506408,41.3266854,,
719,,-92.6491038,41.325019,,
720,,-92.6427695,41.3109851,,
721,,-92.6762562,41.29251110000001,,
722,,-92.6474566,41.291716,,
723,,-92.6533371,41.2934727,,
724,,-92.6533322,41.2943649,,
725,,-92.6484497,41.31319050000001,,
726,,-92.6304343,41.2953103,,
727,,-92.6482321,41.3170485,,
728,,-92.698364,41.256485,,
729,,-92.693697,41.256078,,
730,,-92.6743531,41.256254,,
731,,-92.6648371,41.256309,,
733,,-92.63179,41.2562627,,
734,,-92.6421419,41.28159470000001,,
735,,-92.6426194,41.2815943,,
736,,-92.6426273,41.2824777,,
737,,-92.6426424,41.2865584,,
738,,-92.6426432,41.2869721,,
739,,-92.642674,41.29349929999999,,
740,,-92.6174114,41.2838812,,
741,,-92.6173972,41.2866316,,
742,,-92.6173896,41.2875189,,
743,,-92.6463481,41.3034802,,
744,,-92.6472666,41.3034684,,
745,,-92.6506297,41.3034942,,
746,,-92.6773254,41.2804521,,
748,,-92.6126569,41.3034755,,
749,,-92.6819961,41.2996746,,
750,,-92.6660101,41.2997495,,
751,,-92.6670083,41.303016,,
752,,-92.6297064,41.2961781,,
753,,-92.6319167,41.29354650000001,,
754,,-92.6415147,41.29351,,
755,,-92.617995,41.25872,,
756,,-92.6625422,41.3015435,,
757,,-92.662545,41.3034506,,
758,,-92.6624246,41.3060883,,
759,,-92.6276098,41.3028296,,
760,,-92.6271308,41.3028356,,
761,,-92.6333063,41.29628579999999,,
762,,-92.6333474,41.3022472,,
763,,-92.6078577,41.2813014,,
764,,-92.6203324,41.2844848,,
765,,-92.6216865,41.2848688,,
766,,-92.63189,41.2962902,,
767,,-92.6319374,41.2817539,,
768,,-92.6568468,41.2943764,,
769,,-92.6528333,41.2802871,,
770,,-92.566453,41.319434,,
771,,-92.6817448,41.27395170000001,,
772,,-92.6823037,41.2749574,,
773,,-92.6294833,41.272821,,
774,,-92.6308125,41.2719175,,
775,,-92.651005,41.2962134,,
776,,-92.6510174,41.29786970000001,,
777,,-92.6509852,41.2993505,,
778,,-92.6509744,41.3011247,,
779,,-92.6506341,41.30112570000001,,
780,,-92.6506258,41.3104018,,
781,,-92.6791432,41.27593579999999,,
782,,-92.5407332,41.300456200000006,,
783,,-92.540902,41.313803,,
784,,-92.6306596,41.3034599,,
785,,-92.656929,41.29131270000001,,
786,,-92.6319179,41.2870628,,
787,,-92.6306911,41.287151,,
788,,-92.6216381,41.28718350000001,,
789,,-92.6203177,41.2871707,,
790,,-92.5551641,41.2968659,,
791,,-92.6556864,41.2962063,,
792,,-92.6556884,41.2993468,,
793,,-92.6556857,41.3011104,,
794,,-92.6557206,41.3061051,,
795,,-92.6463082,41.296220700000006,,
796,,-92.64632009999998,41.299377,,
797,,-92.6463139,41.2960161,,
798,,-92.579075,41.282029,,
799,,-92.6596848,41.2997578,,
800,,-92.5262747,41.2712486,,
801,,-92.6054987,41.2744777,,
802,,-92.6474647,41.29348270000001,,
803,,-92.6433047,41.3144331,,
804,,-92.6614319,41.2819865,,
805,,-92.6615062,41.28165429999999,,
806,,-92.65452059999998,41.2962104,,
807,,-92.6544999,41.3011117,,
808,,-92.6537749,41.3061224,,
809,,-92.6545371,41.3061126,,
810,,-92.6319177,41.2880263,,
811,,-92.6252083,41.3072643,,
812,,-92.6196005,41.2878979,,
813,,-92.6216306,41.2881584,,
814,,-92.6306876,41.2879885,,
815,,-92.6545056,41.2993488,,
817,,-92.550287,41.271066,,
818,,-92.5447714,41.2864014,,
819,,-92.6416132,41.3173505,,
820,,-92.6700831,41.2924937,,
824,,-92.6199305,41.281756,,
826,,-92.6210305,41.311742,,
828,,-92.6878236,41.3145035,,
829,,-92.6951988,41.318003,,
830,,-92.6742953,41.2852325,,
831,,-92.6400791,41.2563152,,
832,,-92.6466834,41.264707,,
833,,-92.6725998,41.2850867,,
834,,-92.6728497,41.2849319,,
835,,-92.6418872,41.262689,,
837,,-92.6436027,41.2699941,,
840,,-92.6430219,41.2563239,,
841,,-92.6476975,41.2649751,,
842,,-92.6746537,41.3013932,,
843,,-92.6744744,41.2902566,,
844,,-92.6760621,41.296165,,
845,,-92.6748422,41.2902726,,
846,,-92.6750345,41.3019461,,
847,,-92.6884512,41.3140202,,
848,,-92.6882436,41.3142257,,
849,,-92.695407,41.3178032,,
850,,-92.6990969,41.32006970000001,,
851,,-92.6989311,41.32028320000001,,
856,,-92.6720232,41.2852923,,
860,,-92.6435297,41.3136656,,
861,,-92.6447256,41.3082588,,
862,,-92.6439255,41.3157885,,
863,,-92.6477808,41.3140421,,
864,,-92.6484647,41.3150017,,
867,,-92.6599873,41.29846120000001,,
868,,-92.673611,41.2925917,,
869,,-92.6474173,41.2869584,,
870,,-92.6556802,41.2893145,,
871,,-92.6580342,41.2897865,,
872,,-92.6556826,41.2900594,,
873,,-92.6451009,41.2784806,,
874,,-92.6432133,41.2806987,,
875,,-92.6380689,41.272791,,
877,,-92.6425599,41.2784589,,
878,,-92.6422502,41.280685,,
879,,-92.6390935,41.2717326,,
880,,-92.6425614,41.2778132,,
881,,-92.6381308,41.27587370000001,,
882,,-92.6030998,41.27448029999999,,
883,,-92.6385421,41.2752912,,
884,,-92.6078046,41.2744763,,
885,,-92.6409424,41.2797284,,
889,,-92.6724406,41.2860441,,
890,,-92.6701896,41.2890885,,
891,,-92.6895155,41.3155561,,
892,,-92.535852,41.2947403,,
893,,-92.53483359999998,41.3023023,,
894,,-92.5413184,41.2919794,,
895,,-92.5445161,41.2861959,,
896,,-92.5338616,41.260363700000006,,
897,,-92.6891936,41.3250218,,
898,,-92.6690344,41.2997342,,
899,,-92.6508408,41.2802945,,
900,,-92.6599973,41.2815826,,
901,,-92.655338,41.2827509,,
902,,-92.6543781,41.2852689,,
903,,-92.667234,41.303892,,
904,,-92.6668711,41.3042501,,
905,,-92.6319235,41.3052575,,
906,,-92.6355331,41.28069710000001,,
907,,-92.6367824,41.2870451,,
908,,-92.6319155,41.2871592,,
909,,-92.6319176,41.28798270000001,,
910,,-92.6488583,41.2936675,,
911,,-92.6486491,41.293687,,
912,,-92.6633588,41.2952862,,
913,,-92.6663497,41.3035627,,
915,,-92.667081,41.30361129999999,,
916,,-92.6673215,41.3036363,,
917,,-92.6670349,41.3036374,,
918,,-92.6673734,41.3037008,,
919,,-92.666989,41.3037992,,
920,,-92.6670068,41.3038262,,
921,,-92.6672888,41.3038734,,
922,,-92.6356433,41.3034717,,
923,,-92.634497,41.3034845,,
924,,-92.6336608,41.3035821,,
925,,-92.6314892,41.3037909,,
926,,-92.6323732,41.3044481,,
927,,-92.6336646,41.30468060000001,,
928,,-92.6318316,41.3047243,,
929,,-92.634261,41.3047552,,
930,,-92.6337997,41.3048639,,
931,,-92.6336443,41.3050479,,
932,,-92.6335485,41.3056435,,
933,,-92.6322759,41.3057118,,
934,,-92.6480351,41.3308769,,
937,,-92.650687,41.3175862,,
938,,-92.6545183,41.2889323,,
939,,-92.6600286,41.2892291,,
940,,-92.6624498,41.308604,,
941,,-92.6671593,41.3086235,,
942,,-92.660229,41.3086833,,
943,,-92.6625535,41.3093246,,
944,,-92.6602496,41.30940800000001,,
945,,-92.6605973,41.3095979,,
946,,-92.6631015,41.3104293,,
947,,-92.6642651,41.31042,,
948,,-92.6671641,41.3104561,,
949,,-92.6671649,41.310561,,
950,,-92.6630532,41.3105856,,
951,,-92.6620784,41.3105915,,
952,,-92.6601804,41.3108059,,
953,,-92.6661542,41.2925064,,
954,,-92.6661214,41.2926174,,
959,,-92.6656337,41.2980239,,
962,,-92.6664115,41.3028706,,
963,,-92.666923,41.303942600000006,,
964,,-92.6671529,41.3040365,,
966,,-92.6680118,41.3046208,,
967,,-92.6626166,41.3052929,,
968,,-92.6626181,41.3053936,,
969,,-92.6624468,41.3053975,,
972,,-92.653824,41.3061218,,
973,,-92.6533283,41.3109644,,
974,,-92.642495,41.3115615,,
979,,-92.6486787,41.312291,,
980,,-92.6408128,41.311489,,
982,,-92.6504613,41.3121573,,
983,,-92.658038,41.2957572,,
984,,-92.6432416,41.2899623,,
985,,-92.6432753,41.2944094,,
987,,-92.6432578,41.290839,,
988,,-92.6445077,41.2944016,,
989,,-92.6432795,41.29532639999999,,
990,,-92.6457522,41.2953136,,
991,,-92.669685,41.2968697,,
992,,-92.6562747,41.29665670000001,,
993,,-92.6445077,41.2962357,,
994,,-92.6556883,41.2966602,,
995,,-92.6545235,41.2966642,,
996,,-92.6562557,41.2970927,,
997,,-92.645757,41.2944064,,
998,,-92.6533367,41.2966763,,
999,,-92.6444987,41.2934941,,
1000,,-92.6432738,41.2917309,,
1001,,-92.6723595,41.2966779,,
1002,,-92.6432739,41.2926138,,
1003,,-92.6781633,41.2958736,,
1004,,-92.6574519,41.2962065,,
1005,,-92.6651629,41.2962612,,
1006,,-92.6592219,41.2957574,,
1007,,-92.656293,41.2962052,,
1008,,-92.6568609,41.296648,,
1009,,-92.6444969,41.2926107,,
1010,,-92.6445077,41.2953168,,
1011,,-92.6432791,41.29624129999999,,
1012,,-92.6444916,41.2917266,,
1013,,-92.6629266,41.29619879999999,,
1014,,-92.6457468,41.2962264,,
1015,,-92.6432792,41.293493700000006,,
1016,,-92.6776748,41.29616970000001,,
1017,,-92.6574361,41.29709329999999,,
1018,,-92.6444755,41.2908359,,
1019,,-92.6229389,41.3140109,,
1021,,-92.6160333,41.3009269,,
1022,,-92.6126553,41.300673,,
1023,,-92.6497946,41.2869204,,
1024,,-92.6439632,41.2788492,,
1025,,-92.6439696,41.2784694,,
1026,,-92.6210965,41.3117007,,
1027,,-92.6169327,41.3035124,,
1036,,-92.6237984,41.314281,,
1037,,-92.6420624,41.2766754,,
1038,,-92.6420071,41.280456,,
1040,,-92.6439925,41.27580800000001,,
1043,,-92.6175088,41.311899,,
1044,,-92.6445111,41.2984943,,
1045,,-92.6450824,41.2888858,,
1046,,-92.6445111,41.2971203,,
1047,,-92.6404288,41.2563169,,
1048,,-92.6422582,41.2815964,,
1049,,-92.6440788,41.2772098,,
1051,,-92.645366,41.2800035,,
1052,,-92.6432935,41.27846270000001,,
1053,,-92.6440392,41.2784701,,
1054,,-92.6483669,41.3131719,,
1055,,-92.6439929,41.28086629999999,,
1057,,-92.640084,41.2566781,,
1058,,-92.643317,41.2772058,,
1059,,-92.6456371,41.3103766,,
1060,,-92.6506317,41.3102273,,
1061,,-92.6488778,41.3062123,,
1062,,-92.6488993,41.3077411,,
1063,,-92.6506749,41.317347,,
1064,,-92.6245968,41.2968252,,
1065,,-92.625601,41.2845024,,
1066,,-92.6227423,41.29621220000001,,
1067,,-92.6166624,41.296182,,
1068,,-92.6232965,41.2958853,,
1070,,-92.6250234,41.2959583,,
1072,,-92.6126272,41.27426679999999,,
1073,,-92.6126313,41.2717102,,
1074,,-92.664786,41.2962589,,
1076,,-92.6652006,41.2965414,,
1077,,-92.6656309,41.2962582,,
1078,,-92.6678107,41.296642,,
1079,,-92.6653284,41.2965852,,
1080,,-92.6652204,41.2962609,,
1081,,-92.6527026,41.3011215,,
1082,,-92.6538184,41.3033688,,
1083,,-92.653139,41.3050896,,
1084,,-92.6539203,41.301116,,
1085,,-92.6284469,41.3025306,,
1086,,-92.6531371,41.3037476,,
1087,,-92.6536433,41.303526,,
1088,,-92.6457495,41.2957711,,
1089,,-92.6451031,41.2939312,,
1090,,-92.643282,41.2957934,,
1091,,-92.645117,41.295777,,
1092,,-92.6432773,41.29393320000001,,
1093,,-92.6438928,41.2957912,,
1094,,-92.6438763,41.2939312,,
1095,,-92.6445077,41.29578720000001,,
1096,,-92.6426846,41.2957912,,
1097,,-92.644503,41.2939312,,
1098,,-92.6415281,41.2957993,,
1099,,-92.6463135,41.295767100000006,,
1100,,-92.6474586,41.2921578,,
1101,,-92.6368169,41.2922021,,
1102,,-92.6373998,41.2921981,,
1103,,-92.6356408,41.2930949,,
1104,,-92.6420964,41.2957953,,
1105,,-92.64572,41.2926104,,
1106,,-92.6385612,41.2899752,,
1107,,-92.6462872,41.2930364,,
1108,,-92.6385746,41.2917556,,
1109,,-92.6468841,41.2926082,,
1110,,-92.6480643,41.2917138,,
1111,,-92.6426593,41.2912973,,
1112,,-92.6432814,41.2948662,,
1113,,-92.6373837,41.2899797,,
1114,,-92.6374078,41.2939735,,
1115,,-92.6415281,41.2948663,,
1116,,-92.6421471,41.2899606,,
1117,,-92.6468734,41.2921598,,
1118,,-92.6374025,41.2935329,,
1119,,-92.6374186,41.2953568,,
1120,,-92.6379916,41.292194,,
1121,,-92.6462822,41.2912791,,
1122,,-92.6426711,41.2930586,,
1123,,-92.646871,41.2912763,,
1124,,-92.6391661,41.2921941,,
1125,,-92.6420829,41.2926246,,
1126,,-92.6414928,41.2912972,,
1127,,-92.6426651,41.2921719,,
1128,,-92.6468841,41.2934879,,
1129,,-92.637993,41.2930929,,
1130,,-92.6498178,41.29215170000001,,
1131,,-92.6397655,41.29263570000001,,
1132,,-92.649223,41.29215170000001,,
1133,,-92.6385746,41.292192,,
1134,,-92.6438866,41.2948622,,
1135,,-92.6444835,41.2912811,,
1136,,-92.6457176,41.292163,,
1137,,-92.6373891,41.29087,,
1138,,-92.6409322,41.29625220000001,,
1139,,-92.6397575,41.2917485,,
1140,,-92.6409081,41.2908538,,
1141,,-92.6374025,41.2930909,,
1142,,-92.6403585,41.2957449,,
1143,,-92.6426755,41.29394979999999,,
1144,,-92.6409338,41.2957449,,
1145,,-92.6397548,41.2935215,,
1146,,-92.6450887,41.2912771,,
1147,,-92.6385773,41.2953495,,
1148,,-92.6397414,41.2908579,,
1149,,-92.6438709,41.2912831,,
1150,,-92.6420939,41.29084810000001,,
1151,,-92.6415015,41.2921759,,
1152,,-92.638572,41.2908649,,
1153,,-92.640935,41.29533770000001,,
1154,,-92.6368253,41.2930929,,
1155,,-92.6432738,41.2921699,,
1156,,-92.6420816,41.2930606,,
1157,,-92.6480616,41.292606,,
1158,,-92.6432766,41.2930606,,
1159,,-92.64093359999998,41.2957973,,
1160,,-92.6504595,41.2917066,,
1161,,-92.6468707,41.2917181,,
1162,,-92.6396153,41.2953419,,
1163,,-92.6492257,41.2926038,,
1164,,-92.6409189,41.2935135,,
1165,,-92.6426832,41.2948683,,
1166,,-92.6420857,41.29440820000001,,
1167,,-92.6409269,41.2944053,,
1168,,-92.6368296,41.2949005,,
1169,,-92.6420829,41.2917361,,
1170,,-92.6498082,41.2912509,,
1171,,-92.649223,41.2917097,,
1172,,-92.6474546,41.2912751,,
1173,,-92.6373971,41.2917611,,
1174,,-92.6504488,41.2908212,,
1175,,-92.6451048,41.2930123,,
1176,,-92.6486378,41.291267,,
1177,,-92.6444978,41.29305460000001,,
1178,,-92.6421524,41.2894385,,
1179,,-92.6420964,41.2953346,,
1180,,-92.6438727,41.2921699,,
1181,,-92.6374025,41.2926396,,
1182,,-92.6409135,41.2926319,,
1183,,-92.6492233,41.2912602,,
1184,,-92.6474627,41.2930425,,
1185,,-92.6420803,41.2935048,,
1186,,-92.64326590000002,41.2912912,,
1187,,-92.6380064,41.2939592,,
1188,,-92.638588,41.2962606,,
1189,,-92.6385853,41.2935298,,
1190,,-92.6368101,41.2913214,,
1191,,-92.6385746,41.29264129999999,,
1192,,-92.6395644,41.2962563,,
1193,,-92.6373931,41.2913194,,
1194,,-92.6415103,41.2930646,,
1195,,-92.6409189,41.293068700000006,,
1196,,-92.6409055,41.2917399,,
1197,,-92.6420964,41.2962479,,
1198,,-92.6415194,41.2939516,,
1199,,-92.645097,41.2921699,,
1200,,-92.6408813,41.2899746,,
1201,,-92.6362438,41.2930888,,
1202,,-92.64387,41.29305460000001,,
1203,,-92.6462871,41.2930143,,
1204,,-92.6462847,41.2921618,,
1205,,-92.6444943,41.2921699,,
1206,,-92.642091,41.2948703,,
1207,,-92.6457042,41.2912743,,
1208,,-92.6374132,41.2944254,,
1209,,-92.64864190000002,41.29215170000001,,
1210,,-92.642083,41.2939507,,
1211,,-92.6397333,41.2899784,,
1212,,-92.6480619,41.2912662,,
1213,,-92.6420829,41.2921779,,
1214,,-92.6457066,41.2917224,,
1215,,-92.636828,41.2939776,,
1216,,-92.6468841,41.2930385,,
1217,,-92.6480643,41.29215470000001,,
1218,,-92.6329983,41.2908833,,
1219,,-92.6368015,41.2904266,,
1220,,-92.6344568,41.2904387,,
1221,,-92.6365951,41.2939796,,
1223,,-92.6408087,41.286984,,
1224,,-92.6362411,41.2935344,,
1225,,-92.6350609,41.2935414,,
1226,,-92.6358898,41.2944294,,
1227,,-92.6344734,41.2939997,,
1228,,-92.6350717,41.29309979999999,,
1229,,-92.6363779,41.2931006,,
1230,,-92.6359595,41.2949348,,
1231,,-92.6362303,41.2926459,,
1232,,-92.6365953,41.2930985,,
1233,,-92.6350448,41.28998789999999,,
1234,,-92.6356439,41.2904367,,
1235,,-92.636386,41.2939813,,
1236,,-92.6358844,41.293985600000006,,
1237,,-92.6350502,41.2908788,,
1238,,-92.6356485,41.2939877,,
1239,,-92.6350529,41.2926579,,
1240,,-92.6344723,41.293105,,
1241,,-92.6350475,41.29043770000001,,
1242,,-92.6408735,41.2865502,,
1243,,-92.6365952,41.29353320000001,,
1244,,-92.6363832,41.2935339,,
1245,,-92.646863,41.2893677,,
1246,,-92.6527536,41.29577329999999,,
1247,,-92.6527576,41.2953076,,
1248,,-92.6492225,41.2908235,,
1249,,-92.6505502,41.2962139,,
1250,,-92.6505495,41.2957779,,
1251,,-92.6504993,41.2898124,,
1252,,-92.6510069,41.2957779,,
1253,,-92.6572986,41.2943758,,
1254,,-92.652755,41.2962076,,
1255,,-92.6586237,41.2943727,,
1256,,-92.658621,41.2962054,,
1257,,-92.652239,41.2902964,,
1258,,-92.6586263,41.2957573,,
1259,,-92.6533446,41.2957779,,
1260,,-92.6505556,41.2953071,,
1261,,-92.6574542,41.295294,,
1262,,-92.6492118,41.28981870000001,,
1263,,-92.6480504,41.2908273,,
1264,,-92.6457061,41.2908351,,
1265,,-92.6520726,41.29152,,
1266,,-92.6574435,41.2943756,,
1267,,-92.6498348,41.2957739,,
1268,,-92.647455,41.2894258,,
1269,,-92.645682,41.2898401,,
1270,,-92.6586317,41.2952938,,
1271,,-92.6468756,41.29083120000001,,
1272,,-92.6468675,41.2898329,,
1273,,-92.6545049,41.2930312,,
1275,,-92.6522346,41.28876070000001,,
1277,,-92.6545105,41.2939098,,
1278,,-92.65511,41.29530870000001,,
1279,,-92.6531285,41.2916753,,
1280,,-92.6550885,41.2934675,,
1281,,-92.6545051,41.2912619,,
1282,,-92.6533426,41.2930372,,
1284,,-92.6556738,41.2939199,,
1286,,-92.6581703,41.2934655,,
1287,,-92.6550992,41.29436679999999,,
1288,,-92.6550885,41.2925838,,
1289,,-92.6550939,41.2939148,,
1290,,-92.658187,41.292717,,
1291,,-92.652189,41.2743641,,
1292,,-92.651658,41.27623010000001,,
1293,,-92.6468282,41.288038,,
1294,,-92.6456769,41.2880453,,
1295,,-92.6480083,41.2880297,,
1296,,-92.64744509999998,41.2887889,,
1297,,-92.6480107,41.2873741,,
1299,,-92.6497916,41.2887285,,
1300,,-92.649218,41.2880283,,
1301,,-92.6479949,41.2887784,,
1302,,-92.6491212,41.2875297,,
1303,,-92.6492135,41.2887203,,
1304,,-92.6486228,41.2887527,,
1305,,-92.643775,41.28475,,
1306,,-92.6432108,41.2824769,,
1307,,-92.645082,41.2852278,,
1308,,-92.6450808,41.28475200000001,,
1309,,-92.6444383,41.28763370000001,,
1310,,-92.6450632,41.28429420000001,,
1311,,-92.6452059,41.2870191,,
1312,,-92.6432045,41.28339520000001,,
1313,,-92.6367839,41.2873564,,
1314,,-92.636789,41.28848710000001,,
1315,,-92.6403214,41.2885939,,
1316,,-92.634434,41.288471,,
1317,,-92.6350923,41.2865805,,
1318,,-92.6367847,41.2875177,,
1319,,-92.6344179,41.2889726,,
1320,,-92.6357204,41.2875186,,
1321,,-92.6344072,41.2860684,,
1322,,-92.6357161,41.287049,,
1323,,-92.6343937,41.2870537,,
1324,,-92.6357214,41.2880081,,
1325,,-92.6403079,41.2873484,,
1326,,-92.635102,41.288481,,
1327,,-92.6357214,41.2860612,,
1328,,-92.6344095,41.2866025,,
1329,,-92.6344099,41.2880144,,
1330,,-92.6332967,41.28801970000001,,
1331,,-92.6319219,41.2904521,,
1332,,-92.6332511,41.2860748,,
1333,,-92.628627,41.2898636,,
1334,,-92.6304536,41.2904359,,
1335,,-92.6312958,41.287985600000006,,
1336,,-92.6313092,41.28715510000001,,
1337,,-92.6319158,41.2884911,,
1338,,-92.6306789,41.29045410000001,,
1339,,-92.62992309999998,41.290599,,
1340,,-92.6333129,41.2889748,,
1341,,-92.6332967,41.288481,,
1342,,-92.6313065,41.2889728,,
1343,,-92.6332968,41.2870578,,
1344,,-92.6179599,41.29528870000001,,
1345,,-92.6209854,41.2854524,,
1346,,-92.6373978,41.2887153,,
1347,,-92.6174927,41.295466,,
1348,,-92.6210326,41.2846787,,
1349,,-92.6222997,41.287184,,
1350,,-92.6222863,41.2877031,,
1351,,-92.623554,41.2853941,,
1352,,-92.6180963,41.2922939,,
1353,,-92.6176242,41.29549,,
1354,,-92.6165835,41.294291,,
1355,,-92.6223211,41.2850408,,
1356,,-92.6232948,41.2871792,,
1357,,-92.6391434,41.28953900000001,,
1358,,-92.622289,41.2881703,,
1359,,-92.6403397,41.2894725,,
1360,,-92.6163961,41.2942529,,
1361,,-92.6181883,41.2920402,,
1362,,-92.6209854,41.2871818,,
1363,,-92.63679,41.2887209,,
1364,,-92.6216342,41.287687,,
1365,,-92.6170797,41.2939484,,
1366,,-92.6182603,41.28401270000001,,
1367,,-92.6196604,41.28544760000001,,
1368,,-92.6196427,41.2870131,,
1369,,-92.6181956,41.2874008,,
1370,,-92.6157122,41.2866237,,
1371,,-92.6181905,41.2866324,,
1372,,-92.6189832,41.28737460000001,,
1373,,-92.6173935,41.2862076,,
1374,,-92.6181986,41.28544229999999,,
1375,,-92.6173883,41.2873907,,
1376,,-92.634521,41.3008182,,
1377,,-92.6433829,41.29999960000001,,
1378,,-92.6421394,41.3016643,,
1379,,-92.6339564,41.2962784,,
1380,,-92.629429,41.3034498,,
1381,,-92.6294366,41.3038404,,
1382,,-92.6286266,41.3066109,,
1383,,-92.6300039,41.3069471,,
1384,,-92.6306226,41.3060711,,
1385,,-92.635102,41.2971579,,
1386,,-92.6451242,41.2966731,,
1387,,-92.6403636,41.2966953,,
1388,,-92.6333173,41.2967357,,
1389,,-92.6302176,41.3069456,,
1390,,-92.6339358,41.3008157,,
1391,,-92.6328244,41.3064667,,
1392,,-92.6432821,41.3004976,,
1393,,-92.633932,41.30031620000001,,
1394,,-92.6432809,41.2966852,,
1395,,-92.633342,41.3017833,,
1396,,-92.6325023,41.3065875,,
1397,,-92.6451648,41.3023373,,
1398,,-92.6412763,41.2992876,,
1399,,-92.6397716,41.2962559,,
1400,,-92.6350858,41.2962698,,
1401,,-92.6445094,41.2966731,,
1402,,-92.640941,41.2966909,,
1403,,-92.6301907,41.30568020000001,,
1404,,-92.6426882,41.2966832,,
1405,,-92.6333391,41.3008121,,
1406,,-92.6339588,41.2967374,,
1407,,-92.6438995,41.2966792,,
1408,,-92.6409518,41.3003446,,
1409,,-92.6398092,41.3003451,,
1410,,-92.6397716,41.2985028,,
1411,,-92.6439229,41.3023355,,
1412,,-92.6432826,41.2971213,,
1413,,-92.6444949,41.3007615,,
1414,,-92.6293811,41.3069778,,
1415,,-92.6409491,41.29928870000001,,
1416,,-92.6345259,41.3018116,,
1417,,-92.6380267,41.2989966,,
1418,,-92.6451212,41.29955870000001,,
1419,,-92.6433286,41.3016841,,
1420,,-92.6386075,41.297149,,
1421,,-92.6397796,41.297144,,
1422,,-92.6391896,41.2989925,,
1423,,-92.6420992,41.296687,,
1424,,-92.6339619,41.2971514,,
1425,,-92.6421159,41.2971314,,
1426,,-92.62945340000002,41.3042309,,
1427,,-92.6409357,41.2971369,,
1428,,-92.63389709999998,41.3017872,,
1429,,-92.6409544,41.3016631,,
1430,,-92.6403685,41.2992867,,
1431,,-92.6397791,41.296683,,
1432,,-92.6350187,41.3045741,,
1433,,-92.630529,41.3041181,,
1434,,-92.6415317,41.2992867,,
1435,,-92.6409464,41.2984984,,
1436,,-92.6415323,41.29869229999999,,
1437,,-92.6415256,41.2966864,,
1438,,-92.641338,41.2992874,,
1439,,-92.6410724,41.2992883,,
1440,,-92.6434462,41.2984968,,
1441,,-92.632838,41.30340070000001,,
1442,,-92.6356733,41.30424620000001,,
1443,,-92.6355981,41.3052773,,
1444,,-92.6366007,41.3048441,,
1445,,-92.6365929,41.3062968,,
1446,,-92.6355203,41.3048985,,
1447,,-92.6352467,41.3048783,,
1448,,-92.6353584,41.3060949,,
1449,,-92.6351689,41.3053317,,
1450,,-92.635244,41.3044451,,
1451,,-92.6353728,41.305515,,
1452,,-92.6361238,41.3063028,,
1453,,-92.6352735,41.3054928,,
1454,,-92.6356681,41.3061011,,
1455,,-92.6354881,41.3054928,,
1456,,-92.6356236,41.30550220000001,,
1457,,-92.63527890000002,41.306603,,
1458,,-92.6365974,41.3057286,,
1459,,-92.6356034,41.3052027,,
1460,,-92.6352038,41.3034804,,
1461,,-92.6349652,41.3055472,,
1462,,-92.6351019,41.3054828,,
1463,,-92.6342711,41.3055352,,
1464,,-92.6353406,41.30661110000001,,
1465,,-92.6356517,41.3045015,,
1466,,-92.6417143,41.311516,,
1467,,-92.6380255,41.3027505,,
1468,,-92.64160859999998,41.3110474,,
1469,,-92.6495193,41.3105016,,
1470,,-92.6495187,41.3103271,,
1471,,-92.6501941,41.3109971,,
1472,,-92.6481288,41.3108439,,
1473,,-92.6501946,41.3103246,,
1474,,-92.646203,41.3108359,,
1475,,-92.6501945,41.3105016,,
1476,,-92.6489608,41.3105057,,
1477,,-92.650355,41.311433,,
1478,,-92.6456567,41.31084420000001,,
1479,,-92.6602441,41.312287,,
1480,,-92.658102,41.3106819,,
1482,,-92.6602381,41.31191610000001,,
1483,,-92.659945,41.3108208,,
1485,,-92.6505916,41.3121636,,
1486,,-92.6524076,41.310265,,
1488,,-92.6524901,41.31114210000001,,
1490,,-92.6526049,41.3111159,,
1491,,-92.6601495,41.3128102,,
1492,,-92.6513797,41.3101549,,
1493,,-92.6506505,41.3096715,,
1494,,-92.6507735,41.3097278,,
1495,,-92.6507976,41.3101408,,
1496,,-92.6517873,41.3097117,,
1497,,-92.6513367,41.3097217,,
1498,,-92.6475017,41.2966671,,
1499,,-92.6480918,41.29936770000001,,
1500,,-92.6492505,41.2984751,,
1501,,-92.6480805,41.2975455,,
1502,,-92.6463253,41.3012091,,
1503,,-92.6463056,41.2966832,,
1504,,-92.6469492,41.300758,,
1505,,-92.6515653,41.2993517,,
1506,,-92.6505326,41.2970953,,
1507,,-92.6469143,41.2993748,,
1508,,-92.6515705,41.2984662,,
1509,,-92.6481079,41.3034705,,
1510,,-92.6480596,41.2962144,,
1511,,-92.6480972,41.3007495,,
1512,,-92.6505365,41.30014970000001,,
1513,,-92.6480663,41.29665900000001,,
1514,,-92.6505433,41.3011248,,
1515,,-92.6492661,41.3001308,,
1516,,-92.6505379,41.2984732,,
1517,,-92.6480972,41.3001391,,
1518,,-92.6480837,41.2984799,,
1519,,-92.6486594,41.296661,,
1520,,-92.6469036,41.2962181,,
1521,,-92.6469008,41.2966731,,
1522,,-92.6468982,41.2971125,,
1524,,-92.64750440000002,41.2975477,,
1525,,-92.648073,41.2971069,,
1526,,-92.6486788,41.30014310000001,,
1527,,-92.6498475,41.2989039,,
1528,,-92.646925,41.2984851,,
1529,,-92.6498416,41.2966651,,
1530,,-92.6498496,41.300133,,
1531,,-92.6492822,41.3018053,,
1532,,-92.6505356,41.2978701,,
1533,,-92.6469492,41.3026436,,
1534,,-92.6515679,41.3002336,,
1535,,-92.6469245,41.3011504,,
1536,,-92.6505509,41.29890570000001,,
1537,,-92.6515706,41.2970914,,
1538,,-92.650534,41.297624,,
1539,,-92.6475074,41.3001492,,
1540,,-92.6505487,41.2993504,,
1541,,-92.6492666,41.3007418,,
1542,,-92.6486593,41.29754970000001,,
1543,,-92.6451166,41.3012131,,
1544,,-92.6492747,41.3034758,,
1545,,-92.6574441,41.2966449,,
1546,,-92.6539337,41.29667020000001,,
1547,,-92.6549689,41.3015585,,
1548,,-92.655087,41.29934779999999,,
1549,,-92.6539197,41.29889160000001,,
1550,,-92.6533369,41.3006711,,
1551,,-92.6586329,41.2970941,,
1552,,-92.6562591,41.2979689,,
1553,,-92.6527427,41.298458,,
1554,,-92.6545093,41.2988998,,
1555,,-92.659805,41.2979668,,
1556,,-92.6545024,41.2997845,,
1557,,-92.656863,41.2975658,,
1558,,-92.6539337,41.2962086,,
1559,,-92.6556869,41.30153920000001,,
1560,,-92.6592012,41.2975719,,
1561,,-92.6533437,41.2988998,,
1562,,-92.6550918,41.29889960000001,,
1563,,-92.6591412,41.3010954,,
1564,,-92.6544995,41.300667,,
1565,,-92.6666439,41.3045577,,
1566,,-92.6539229,41.29708660000001,,
1567,,-92.6545004,41.3015617,,
1568,,-92.6527454,41.2993519,,
1569,,-92.6597889,41.2984594,,
1570,,-92.6556896,41.2989059,,
1572,,-92.6545183,41.2977613,,
1573,,-92.6539202,41.2977714,,
1574,,-92.6527536,41.297085,,
1576,,-92.6533439,41.2997885,,
1577,,-92.6574361,41.2975616,,
1578,,-92.6580259,41.2979749,,
1579,,-92.6533386,41.29776939999999,,
1580,,-92.6580366,41.2966489,,
1581,,-92.6592107,41.2966348,,
1582,,-92.6539176,41.2984592,,
1583,,-92.6562699,41.2975775,,
1584,,-92.6667846,41.3046086,,
1585,,-92.6556897,41.297983,,
1586,,-92.6568636,41.2979749,,
1587,,-92.6515706,41.2976323,,
1588,,-92.6586362,41.29664860000001,,
1589,,-92.6580285,41.2975638,,
1590,,-92.6549714,41.30229979999999,,
1591,,-92.6550897,41.298463,,
1592,,-92.6591994,41.297983,,
1593,,-92.6527401,41.3011214,,
1594,,-92.6556892,41.2977714,,
1595,,-92.6527374,41.30023970000001,,
1596,,-92.6556888,41.2975699,,
1597,,-92.6193664,41.298657,,
1599,,-92.6187105,41.2975375,,
1601,,-92.6186917,41.2974489,,
1602,,-92.6193927,41.298396,,
1603,,-92.6188634,41.2977934,,
1604,,-92.6192607,41.2985654,,
1605,,-92.6319324,41.2808118,,
1606,,-92.6314052,41.2740233,,
1607,,-92.63177,41.2808228,,
1608,,-92.6299874,41.27077070000001,,
1610,,-92.6293509,41.27079929999999,,
1614,,-92.6367945,41.2766281,,
1616,,-92.6379308,41.2761078,,
1617,,-92.6424564,41.27692370000001,,
1618,,-92.6413209,41.2765881,,
1619,,-92.640206,41.2771575,,
1620,,-92.6386724,41.27741029999999,,
1621,,-92.6397843,41.2769309,,
1622,,-92.6386657,41.2774891,,
1623,,-92.64035859999998,41.2746538,,
1624,,-92.6381777,41.2707302,,
1625,,-92.6375527,41.27046,,
1626,,-92.6391481,41.2716921,,
1627,,-92.6387003,41.2711698,,
1628,,-92.6386204,41.275294,,
1629,,-92.6382739,41.2707204,,
1630,,-92.6375938,41.2704124,,
1631,,-92.6338565,41.2741021,,
1633,,-92.6333269,41.2743993,,
1634,,-92.6377941,41.2715829,,
1635,,-92.6336448,41.2734093,,
1636,,-92.6311503,41.2743023,,
1637,,-92.6329984,41.2738971,,
1639,,-92.6331325,41.2738084,,
1640,,-92.6353533,41.2732944,,
1641,,-92.6401491,41.2699943,,
1642,,-92.633162,41.2738951,,
1644,,-92.6338646,41.2743077,,
1645,,-92.6332853,41.2734012,,
1646,,-92.637762,41.2693815,,
1648,,-92.6333256,41.2738959,,
1650,,-92.6359354,41.2723006,,
1652,,-92.635812,41.2721232,,
1653,,-92.6401894,41.2692867,,
1654,,-92.6401035,41.2701476,,
1657,,-92.6399775,41.2691295,,
1658,,-92.6332371,41.2736653,,
1659,,-92.6308606,41.27480429999999,,
1660,,-92.6335723,41.2738971,,
1661,,-92.6401143,41.2692162,,
1663,,-92.6319493,41.2752417,,
1666,,-92.6340527,41.270471,,
1667,,-92.6340149,41.2696879,,
1669,,-92.6338352,41.26972420000001,,
1671,,-92.6339809,41.2704233,,
1673,,-92.6355089,41.268942,,
1676,,-92.633913,41.2718994,,
1678,,-92.6359702,41.2681578,,
1679,,-92.6358388,41.2689238,,
1683,,-92.6338272,41.2722885,,
1684,,-92.6357154,41.2688069,,
1685,,-92.6340846,41.2696194,,
1687,,-92.630933,41.2684299,,
1688,,-92.6296823,41.2683916,,
1692,,-92.6311825,41.2752538,,
1693,,-92.6315594,41.2749072,,
1695,,-92.629608,41.27403220000001,,
1697,,-92.6315634,41.2752034,,
1699,,-92.631322,41.2759049,,
1700,,-92.6289563,41.27397979999999,,
1701,,-92.6309717,41.27526829999999,,
1703,,-92.6290475,41.2770035,,
1704,,-92.6294283,41.2750563,,
1710,,-92.6310886,41.2767354,,
1711,,-92.6313354,41.2760097,,
1714,,-92.629725,41.27388300000001,,
1715,,-92.6296751,41.2748587,,
1718,,-92.6318322,41.2752299,,
1720,,-92.6313568,41.2752034,,
1722,,-92.6425222,41.2802113,,
1723,,-92.6436038,41.2802109,,
1724,,-92.6436281,41.28012639999999,,
1725,,-92.6415305,41.2805477,,
1726,,-92.6437,41.2802109,,
1727,,-92.6409411,41.2801641,,
1728,,-92.6454103,41.2802713,,
1729,,-92.6447267,41.2762396,,
1730,,-92.643011,41.2767132,,
1731,,-92.6442263,41.27623970000001,,
1732,,-92.6449862,41.2777936,,
1733,,-92.6443093,41.280170700000006,,
1734,,-92.6443065,41.2803717,,
1735,,-92.6437434,41.2767119,,
1736,,-92.644017,41.2801668,,
1737,,-92.644017,41.2798926,,
1738,,-92.6445185,41.2784748,,
1739,,-92.6442262,41.2764572,,
1740,,-92.6440143,41.2804227,,
1741,,-92.631158,41.2752589,,
1742,,-92.6311235,41.27474779999999,,
1743,,-92.6742573,41.284544200000006,,
1744,,-92.6450807,41.2884963,,
1746,,-92.6554363,41.2773751,,
1747,,-92.6563402,41.2781411,,
1749,,-92.6552298,41.2778045,,
1750,,-92.6559728,41.2780907,,
1751,,-92.6556428,41.2780242,,
1752,,-92.6558065,41.2787539,,
1753,,-92.6550394,41.2780786,,
1754,,-92.6552888,41.277998,,
1756,,-92.65549,41.2780101,,
1757,,-92.6559969,41.2783386,,
1758,,-92.6566202,41.277043,,
1759,,-92.6565199,41.278766,,
1760,,-92.6564368,41.2777964,,
1767,,-92.6589795,41.2810175,,
1768,,-92.6591351,41.2810416,,
1778,,-92.6591592,41.2815794,,
1784,,-92.657571,41.2813512,,
1792,,-92.6586614,41.2811985,,
1797,,-92.6591565,41.28123720000001,,
1799,,-92.6589366,41.2812029,,
1801,,-92.658376,41.281342,,
1804,,-92.6584431,41.2814347,,
1809,,-92.6794139,41.2741095,,
1812,,-92.6591931,41.2842525,,
1813,,-92.6513382,41.2808777,,
1814,,-92.6519095,41.280787,,
1815,,-92.6516856,41.28090260000001,,
1816,,-92.6509922,41.28115579999999,,
1817,,-92.6507227,41.2809954,,
1818,,-92.6528417,41.2807688,,
1819,,-92.6509305,41.2809583,,
1820,,-92.6511679,41.2809712,,
1821,,-92.6563111,41.2838306,,
1822,,-92.659126,41.2841597,,
1823,,-92.655603,41.2852703,,
1824,,-92.657974,41.284284,,
1825,,-92.6556089,41.2846103,,
1826,,-92.6563151,41.2840831,,
1827,,-92.6563088,41.28364600000001,,
1828,,-92.6591985,41.2840878,,
1829,,-92.6591958,41.28416179999999,,
1830,,-92.6593446,41.2842276,,
1833,,-92.6584032,41.2817242,,
1834,,-92.6583925,41.2818996,,
1835,,-92.6568676,41.2829403,,
1836,,-92.6581081,41.281620200000006,,
1838,,-92.657931,41.2816819,,
1839,,-92.6586768,41.28198620000001,,
1841,,-92.6582999,41.2820657,,
1842,,-92.6544751,41.2804773,,
1844,,-92.6582986,41.2818975,,
1845,,-92.6567845,41.2828597,,
1846,,-92.6569669,41.2828839,,
1847,,-92.6542482,41.2818792,,
1848,,-92.6560832,41.28274,,
1850,,-92.6576795,41.2817814,,
1852,,-92.6583025,41.2822725,,
1853,,-92.6583619,41.2822725,,
1855,,-92.6582959,41.2817242,,
1856,,-92.6586798,41.2821592,,
1857,,-92.6598247,41.2815819,,
1858,,-92.6530819,41.2819104,,
1860,,-92.6590496,41.281579,,
1861,,-92.6588752,41.2816558,,
1862,,-92.6579365,41.281791,,
1863,,-92.6565317,41.2831749,,
1865,,-92.6588726,41.2815783,,
1867,,-92.6576723,41.2820133,,
1868,,-92.6577909,41.2829013,,
1869,,-92.6585427,41.2813916,,
1872,,-92.658548,41.281577,,
1873,,-92.6586785,41.282083,,
1874,,-92.6591193,41.2817383,,
1877,,-92.653201,41.2825816,,
1878,,-92.6597193,41.2817392,,
1879,,-92.6586714,41.2815775,,
1880,,-92.6573744,41.281952,,
1881,,-92.6583349,41.2823793,,
1882,,-92.658295,41.2815891,,
1885,,-92.6581135,41.2817062,,
1886,,-92.6599979,41.2817948,,
1891,,-92.655123,41.2827159,,
1898,,-92.6549579,41.2827005,,
1905,,-92.6663428,41.27864870000001,,
1912,,-92.6660911,41.27879160000001,,
1916,,-92.6545035,41.29213,,
1918,,-92.6616379,41.27950720000001,,
1919,,-92.6612194,41.2806642,,
1920,,-92.6599885,41.2794971,,
1921,,-92.6618471,41.2802188,,
1922,,-92.6612168,41.2798378,,
1923,,-92.6614018,41.279481,,
1924,,-92.6615815,41.2808376,,
1925,,-92.6615225,41.2804647,,
1926,,-92.6616459,41.2805171,,
1927,,-92.6614501,41.2793419,,
1928,,-92.661375,41.2804062,,
1929,,-92.661249,41.28097460000001,,
1930,,-92.661375,41.2803719,,
1931,,-92.6611122,41.2794218,,
1932,,-92.661139,41.2795173,,
1933,,-92.6620107,41.279473,,
1934,,-92.6612999,41.28053320000001,,
1935,,-92.6616647,41.281017,,
1936,,-92.6614689,41.281541,,
1937,,-92.661434,41.281025,,
1938,,-92.6615252,41.2804909,,
1939,,-92.6656531,41.2814987,,
1940,,-92.6654091,41.281369700000006,,
1941,,-92.6650362,41.2817506,,
1942,,-92.6665034,41.28171029999999,,
1943,,-92.6645308,41.2801184,,
1945,,-92.6653527,41.2816035,,
1949,,-92.666954,41.28181110000001,,
1951,,-92.6656719,41.2820913,,
1955,,-92.6670184,41.2818172,,
1960,,-92.6658355,41.280636,,
1961,,-92.6615011,41.2852802,,
1962,,-92.6591934,41.2910776,,
1964,,-92.6629736,41.2843628,,
1966,,-92.6627416,41.28448820000001,,
1967,,-92.6622186,41.2845849,,
1968,,-92.6622223,41.2847695,,
1969,,-92.6629776,41.2843028,,
1970,,-92.6600269,41.2910802,,
1971,,-92.6588229,41.2872232,,
1972,,-92.6636536,41.2943736,,
1973,,-92.6629119,41.2936437,,
1974,,-92.6620934,41.2936458,,
1975,,-92.6648958,41.2940735,,
1976,,-92.6634926,41.2944381,,
1977,,-92.6636287,41.29419179999999,,
1978,,-92.6622883,41.2941781,,
1979,,-92.663763,41.2942891,,
1980,,-92.6635342,41.29422329999999,,
1981,,-92.6627547,41.2950549,,
1982,,-92.6628046,41.2952862,,
1983,,-92.6697023,41.2958626,,
1984,,-92.6698657,41.2953256,,
1985,,-92.6693117,41.2961277,,
1987,,-92.67128259999998,41.2967182,,
1988,,-92.663788,41.2905454,,
1989,,-92.6648819,41.2911613,,
1990,,-92.667966,41.3040755,,
1991,,-92.6660957,41.2925064,,
1992,,-92.6616566,41.2899456,,
1993,,-92.6713752,41.2981903,,
1994,,-92.6690849,41.2950688,,
1995,,-92.6637394,41.2910282,,
1996,,-92.6618874,41.3021953,,
1997,,-92.6607892,41.3006313,,
1998,,-92.6670802,41.3040003,,
1999,,-92.6699417,41.3040216,,
2000,,-92.6619232,41.3046894,,
2001,,-92.660248,41.30343679999999,,
2002,,-92.6664237,41.3015485,,
2004,,-92.6618941,41.3034467,,
2006,,-92.6619169,41.3012648,,
2007,,-92.6668326,41.3037352,,
2008,,-92.6608709,41.3046987,,
2009,,-92.6608183,41.3021915,,
2010,,-92.6608402,41.3034404,,
2011,,-92.6668494,41.3036675,,
2012,,-92.666996,41.30396810000001,,
2013,,-92.6685177,41.3027318,,
2014,,-92.6685231,41.3032539,,
2015,,-92.6680898,41.3023594,,
2016,,-92.6687162,41.3014708,,
2017,,-92.6658892,41.3033221,,
2018,,-92.6690461,41.3016034,,
2019,,-92.668102,41.3014669,,
2020,,-92.66677740000002,41.3026003,,
2021,,-92.6677097,41.3032756,,
2022,,-92.6693036,41.3032517,,
2023,,-92.6687108,41.3017424,,
2024,,-92.6694136,41.304701,,
2025,,-92.6510055,41.2989055,,
2026,,-92.6556689,41.2921344,,
2027,,-92.6504236,41.2880296,,
2028,,-92.6373934,41.2880001,,
2029,,-92.5967445,41.3385182,,
2031,,-92.5973328,41.3405466,,
2032,,-92.7049031,41.2677577,,
2033,,-92.6219602,41.3025672,,
2034,,-92.6206636,41.300384,,
2035,,-92.6646849,41.3125958,,
2036,,-92.6604405,41.31136400000001,,
2038,,-92.6604626,41.3128061,,
2041,,-92.6647578,41.3105585,,
2043,,-92.6224724,41.332958700000006,,
2044,,-92.6209475,41.3324108,,
2045,,-92.6211863,41.33231370000001,,
2046,,-92.6209344,41.3319275,,
2047,,-92.6420872,41.28997329999999,,
2048,,-92.6433705,41.2953255,,
2049,,-92.643373,41.2948656,,
2050,,-92.6638638,41.3052865,,
2051,,-92.6638763,41.3062648,,
2052,,-92.6652627,41.3052792,,
2053,,-92.6656236,41.3055278,,
2054,,-92.6657166,41.30568020000001,,
2055,,-92.6662482,41.3055188,,
2056,,-92.666208,41.30569860000001,,
2057,,-92.6664523,41.3050745,,
2058,,-92.6652627,41.3053756,,
2059,,-92.6638651,41.3053851,,
2060,,-92.6358495,41.2923287,,
2061,,-92.6368172,41.29223620000001,,
2062,,-92.6409095,41.2921881,,
2063,,-92.6397615,41.292192,,
2064,,-92.6403363,41.2921901,,
2065,,-92.6694578,41.3105472,,
2066,,-92.6647822,41.3143249,,
2067,,-92.6601619,41.3143326,,
2068,,-92.6741313,41.3102527,,
2069,,-92.6745418,41.309775,,
2070,,-92.6663251,41.3050293,,
2071,,-92.64280240813535,41.2558,,
2072,,-92.5227,41.29293255586045,,
2073,,-92.5645603852899,41.2558,,
2074,,-92.7263,41.28708606550582,,
2075,,-92.60309675372334,41.2558,,
2076,,-92.6887536264822,41.2558,,
2077,,-92.70372174961278,41.3418,,
2078,,-92.58884353920952,41.2558,,
2079,,-92.65037597917843,41.2558,,
2081,,-92.7263,41.25970259771525,,
2083,,-92.7175614,41.2558,,
2084,,-92.7263,41.27791856239189,,
2085,,-92.7263,41.302046470794394,,
2086,,-92.66482845561826,41.2558,,
2087,,-92.7171656612022,41.2558,,
2088,,-92.693702530985,41.2558,,
2089,,-92.5227,41.30371169337114,,
2090,,-92.61286431807603,41.3418,,
2093,,-92.7263,41.27057289961496,,
2094,,-92.5227,41.27121159285553,,
2096,,-92.7263,41.31420657588899,,
2097,,-92.64091746141158,41.2558,,
2098,,-92.7263,41.33423672306114,,
2099,,-92.64106259917784,41.2558,,
2100,,-92.63179131518575,41.2558,,
2101,,-92.64149269074369,41.2558,,
2102,,-92.52615954163365,41.2558,,
2103,,-92.7263,41.334637063978775,,
2104,,-92.55542769584723,41.3418,,
2105,,-92.59239492449673,41.3418,,
2106,,-92.7263,41.33454117228079,,
2107,,-92.6414058048606,41.2558,,
2108,,-92.67944631349205,41.2558,,
2109,,-92.5227,41.30947684266543,,
2110,,-92.6796577092141,41.3418,,
2111,,-92.65250302607076,41.3418,,
2112,,-92.62253420393816,41.3418,,
2113,,-92.66968225,41.296180299999996,,
10000001,2429221.0,-92.648484155115,41.294468724891,transit,
10000002,2429222.0,-92.6452696,41.2926769,transit,
10000003,2429223.0,-92.643760442958,41.296950643566,transit,
10000004,2429224.0,-92.641434147372,41.298952906414,transit,
10000005,2429225.0,-92.636733125677,41.29723261066,transit,
10000006,2429226.0,-92.630464186136,41.29999081905,transit,
10000007,2429227.0,-92.64148210017099,41.308353924059,transit,
10000008,2429228.0,-92.648003787081,41.307828222836,transit,
10000009,2429229.0,-92.65072652595501,41.302224921743004,transit,
10000010,2429230.0,-92.649954917943,41.297184595771,transit,
10000011,2429231.0,-92.663963628685,41.302420046782,transit,
10000012,2429232.0,-92.669851610855,41.298089695265006,transit,
10000013,2429233.0,-92.65930901776501,41.295199001549,transit,
10000014,2429234.0,-92.65344996713699,41.285207941565,transit,
10000015,2429235.0,-92.644139491104,41.278386314466,transit,
10000016,2429236.0,-92.631847496842,41.287026646779,transit,
10000017,2429237.0,-92.6366973,41.2912541,transit,
10000018,2436348.0,-92.649727973695,41.295224680166,transit,
10000019,2436350.0,-92.642872127123,41.298455895024,transit,
10000020,2436351.0,-92.640496981541,41.298440819911,transit,
10000021,2436352.0,-92.63815779496201,41.298463774640005,transit,
10000022,2436353.0,-92.635497711837,41.298442705907,transit,
10000023,2436354.0,-92.633186397242,41.298456633491995,transit,
10000024,2436355.0,-92.63194336877599,41.299688571411,transit,
10000025,2436356.0,-92.634384338719,41.298611668675,transit,
10000026,2436357.0,-92.63900768841299,41.297230851949,transit,
10000027,2436358.0,-92.64136502919399,41.297228209428,transit,
10000028,2436359.0,-92.64144827225999,41.301531536515,transit,
10000029,2436360.0,-92.641444269237,41.304252889107,transit,
10000030,2436361.0,-92.641505681477,41.310944464432,transit,
10000031,2436362.0,-92.64550839038701,41.312688620846,transit,
10000032,2436363.0,-92.645748646417,41.310274839678996,transit,
10000033,2436364.0,-92.650733499678,41.307612402619,transit,
10000034,2436365.0,-92.650692494047,41.304410348495004,transit,
10000035,2436366.0,-92.64995833235001,41.300721178522004,transit,
10000036,2436367.0,-92.653193978518,41.297195547707,transit,
10000037,2436368.0,-92.655545520662,41.29717978837,transit,
10000038,2436369.0,-92.657916537353,41.297185619928,transit,
10000039,2436370.0,-92.659099235136,41.298378252527,transit,
10000040,2436371.0,-92.660050479744,41.300332186590005,transit,
10000041,2436372.0,-92.666784445839,41.303775032623,transit,
10000042,2436373.0,-92.666544919128,41.301648492432,transit,
10000043,2436374.0,-92.66264885251101,41.296099828105,transit,
10000044,2436375.0,-92.656980801716,41.295214797391,transit,
10000045,2436376.0,-92.65462521193199,41.295225284993,transit,
10000046,2436377.0,-92.65463496877899,41.293580263646,transit,
10000047,2436378.0,-92.65458401408002,41.291795754459,transit,
10000048,2436379.0,-92.654626390143,41.289999780426996,transit,
10000049,2436380.0,-92.65459189351601,41.287137832398,transit,
10000050,2436381.0,-92.652287635362,41.285213650932,transit,
10000051,2436382.0,-92.649725592589,41.285225467434,transit,
10000052,2436383.0,-92.64593114758499,41.285183546281,transit,
10000053,2436384.0,-92.64581401109301,41.283443557546,transit,
10000054,2436385.0,-92.645725257859,41.281638452127,transit,
10000055,2436386.0,-92.642054174341,41.281504834801,transit,
10000056,2436387.0,-92.63690353815201,41.281583387779,transit,
10000057,2436388.0,-92.632077814176,41.281706786412,transit,
10000058,2436389.0,-92.63182932001999,41.283963603384,transit,
10000059,2436390.0,-92.631816669329,41.288898120797,transit,
10000060,2436391.0,-92.636615414825,41.289062473032,transit,
10000061,2436395.0,-92.64959480263201,41.292688605722,transit,
10000062,2440802.0,-92.636973953183,41.294540127724,transit,
10000063,2440803.0,-92.64166996122101,41.294516200916,transit,
10000064,2440804.0,-92.644874240296,41.294541552329996,transit,
10000065,2440805.0,-92.645312119513,41.295244157045005,transit,
10000066,2440806.0,-92.636710827528,41.292572157308996,transit,
