name,node_id,osm_node_id,osm_highway,zone_id,ctrl_type,node_type,activity_type,is_boundary,x_coord,y_coord,main_node_id,poi_id
,0,160409383,,,0,,,0,-92.6291543,41.2883596,,
,1,160409391,,,0,,,0,-92.6290992,41.2894232,,
,2,160409396,,,0,,,0,-92.6173867,41.2854394,,
,3,160409400,,,0,,,0,-92.6189966,41.2854452,,
,4,160409402,,,0,,,0,-92.6203214,41.28545,,
,5,160409404,,,0,,,0,-92.6216467,41.2854548,,
,6,160409416,,,0,,,0,-92.6592231,41.2952939,,
,7,160409418,traffic_signals,,1,,,0,-92.6592177,41.2962038,,
,8,160409420,,,0,,,0,-92.6592032,41.2970924,,
,9,160409424,,,0,,,0,-92.6591974,41.2984588,,
,10,160409426,,,0,,,0,-92.6592145,41.2993493,,
,11,160409433,,,0,,,0,-92.6614097,41.3009698,,
,12,160409436,,,0,,,0,-92.6613877,41.3021935,,
,13,160409438,,,0,,,0,-92.6613829,41.3034436,,
,14,160409441,,,0,,,0,-92.6614198,41.3046939,,
,15,160409444,,,0,,,0,-92.6614372,41.3052941,,
,16,160409854,,,0,,,0,-92.6458623,41.3190019,,
,17,160409856,,,0,,,0,-92.648233,41.3186446,,
,18,160409939,,,0,,,0,-92.6270092,41.2995039,,
,19,160409949,,,0,,,0,-92.6273579,41.2996411,,
,20,160409954,,,0,,,0,-92.6273576,41.2990405,,
,21,160409961,,,0,,,0,-92.6252488,41.2997921,,
,22,160409966,,,0,,,0,-92.6241667,41.299846,,
,23,160409977,,,0,,,0,-92.6216963,41.2999223,,
,24,160410399,,,0,,,0,-92.6207849,41.2962063,,
,25,160410466,,,0,,,0,-92.6223843,41.2959716,,
,26,160410469,,,0,,,0,-92.6217986,41.2959665,,
,27,160410472,,,0,,,0,-92.6185125,41.2959466,,
,28,160410474,,,0,,,0,-92.6179744,41.2959428,,
,29,160410521,,,0,,,0,-92.5338216,41.3028397,,
,30,160410530,,,0,,,0,-92.5296944,41.3068317,,
,31,160410569,,,0,,,0,-92.717839,41.277735,,
,32,160410572,,,0,,,0,-92.7180874,41.2779487,,
,33,160410590,turning_circle,,0,,,0,-92.6627281,41.2944519,,
,34,160410592,,,0,,,0,-92.662692,41.2952862,,
,35,160410682,,,0,,,0,-92.7011528,41.2676625,,
,36,160410822,,,0,,,0,-92.6252227,41.2961989,,
,37,160410824,,,0,,,0,-92.6252196,41.2959603,,
,38,160410828,,,0,,,0,-92.6297418,41.2959439,,
,39,160411008,,,0,,,0,-92.5398206,41.2873628,,
,40,160411125,,,0,,,0,-92.603958,41.311166,,
,41,160411131,,,0,,,0,-92.60311,41.310403,,
,42,160411237,,,0,,,0,-92.7176797,41.2779487,,
,43,160411553,,,0,,,0,-92.6513699,41.3278593,,
,44,160411569,,,0,,,0,-92.6507011,41.3278071,,
,45,160411717,,,0,,,0,-92.6521438,41.2843971,,
,46,160411719,,,0,,,0,-92.651271,41.2843956,,
,47,160411936,,,0,,,0,-92.5390801,41.2798351,,
,48,160411966,,,0,,,0,-92.5395108,41.2852961,,
,49,160412353,,,0,,,0,-92.679659,41.341367,,
,50,160412367,,,0,,,0,-92.681364,41.341578,,
,51,160412600,,,0,,,0,-92.6624529,41.3053032,,
,52,160412602,,,0,,,0,-92.6601936,41.3052862,,
,53,160412632,,,0,,,0,-92.6175777,41.2878389,,
,54,160412640,,,0,,,0,-92.6173008,41.2890823,,
,55,160412845,,,0,,,0,-92.6735428,41.2961787,,
,56,160412873,,,0,,,0,-92.6145469,41.2870681,,
,57,160412877,,,0,,,0,-92.6173849,41.2870575,,
,58,160412911,,,0,,,0,-92.6765546,41.2809417,,
,60,160413022,,,0,,,0,-92.6184475,41.2915768,,
,61,160413032,,,0,,,0,-92.6183279,41.2920448,,
,62,160413594,,,0,,,0,-92.6458976,41.324025,,
,63,160413646,,,0,,,0,-92.6460184,41.326779,,
,64,160413692,,,0,,,0,-92.603108,41.310663,,
,65,160413695,,,0,,,0,-92.60326,41.311029,,
,66,160413811,,,0,,,0,-92.66,41.2820922,,
,67,160413814,,,0,,,0,-92.658472,41.2815767,,
,68,160413823,,,0,,,0,-92.6560219,41.2826833,,
,69,160413892,,,0,,,0,-92.649507,41.330878,,
,70,160413898,,,0,,,0,-92.6505031,41.3330386,,
,71,160413961,,,0,,,0,-92.6478843,41.3077498,,
,72,160413964,,,0,,,0,-92.6478916,41.3086951,,
,73,160414114,,,0,,,0,-92.6318709,41.3034072,,
,74,160414117,,,0,,,0,-92.6318511,41.3037237,,
,75,160414130,,,0,,,0,-92.6317668,41.3052215,,
,76,160414149,,,0,,,0,-92.6329239,41.3057706,,
,77,160414167,,,0,,,0,-92.634271,41.3065739,,
,78,160414172,,,0,,,0,-92.6345338,41.3034116,,
,79,160414183,,,0,,,0,-92.5404281,41.2894387,,
,80,160414196,,,0,,,0,-92.5401385,41.2904673,,
,81,160414228,,,0,,,0,-92.5419744,41.2900945,,
,82,160414240,,,0,,,0,-92.5417454,41.2912182,,
,83,160414245,,,0,,,0,-92.5418307,41.2901545,,
,84,160414255,,,0,,,0,-92.5434478,41.2888957,,
,85,160414328,,,0,,,0,-92.6528521,41.2819109,,
,86,160414336,,,0,,,0,-92.6551196,41.2827589,,
,87,160414348,,,0,,,0,-92.6533211,41.2852677,,
,88,160414611,,,0,,,0,-92.6185181,41.2961962,,
,89,160414697,,,0,,,0,-92.6575374,41.2838044,,
,90,160414707,,,0,,,0,-92.6599974,41.2841206,,
,91,160414896,,,0,,,0,-92.6545026,41.3034045,,
,92,160414900,,,0,,,0,-92.6556918,41.3033988,,
,93,160415058,,,0,,,0,-92.5405091,41.2866745,,
,94,160415080,,,0,,,0,-92.543035,41.2863841,,
,95,160415099,,,0,,,0,-92.5405904,41.2847927,,
,96,160415104,,,0,,,0,-92.5412199,41.2866655,,
,98,160415114,,,0,,,0,-92.538483,41.2851766,,
,99,160415116,,,0,,,0,-92.5381373,41.2854018,,
,100,160415117,,,0,,,0,-92.5378497,41.2857242,,
,101,160415131,,,0,,,0,-92.679669,41.338505,,
,102,160415134,,,0,,,0,-92.678034,41.338518,,
,103,160415143,,,0,,,0,-92.67966,41.341109,,
,104,160415146,,,0,,,0,-92.678085,41.341109,,
,105,160415176,,,0,,,0,-92.617194,41.316196,,
,106,160415179,,,0,,,0,-92.616586,41.316286,,
,107,160415272,,,0,,,0,-92.6034374,41.2867264,,
,108,160415274,,,0,,,0,-92.6032094,41.2867514,,
,109,160415277,,,0,,,0,-92.6031594,41.2869014,,
,110,160415284,,,0,,,0,-92.6031094,41.2866274,,
,111,160415421,,,0,,,0,-92.658596,41.335498,,
,112,160415424,,,0,,,0,-92.65861,41.336424,,
,113,160415427,,,0,,,0,-92.658613,41.336638,,
,114,160415438,,,0,,,0,-92.657828,41.336567,,
,115,160415476,,,0,,,0,-92.6600049,41.2852765,,
,116,160415493,,,0,,,0,-92.612748,41.310261,,
,117,160415506,,,0,,,0,-92.613261,41.310011,,
,118,160415558,,,0,,,0,-92.6033971,41.2894416,,
,119,160415566,,,0,,,0,-92.6025431,41.2891386,,
,121,160416202,,,0,,,0,-92.6410561,41.3255351,,
,122,160416205,,,0,,,0,-92.6424113,41.3255194,,
,123,160416230,,,0,,,0,-92.593558,41.329143,,
,124,160416232,,,0,,,0,-92.5930599,41.3289225,,
,125,160416306,,,0,,,0,-92.6185219,41.2866438,,
,126,160416310,,,0,,,0,-92.6189842,41.2866433,,
,127,160416315,,,0,,,0,-92.6187984,41.2879205,,
,128,160416317,,,0,,,0,-92.6185838,41.2891967,,
,129,160416319,,,0,,,0,-92.618628,41.2905411,,
,130,160416327,,,0,,,0,-92.6186222,41.2912213,,
,131,160416780,,,0,,,0,-92.683903,41.285166,,
,132,160416782,,,0,,,0,-92.683904,41.285288,,
,133,160417033,,,0,,,0,-92.5348462,41.2957674,,
,134,160417237,,,0,,,0,-92.5434499,41.287932,,
,135,160417281,,,0,,,0,-92.5434014,41.2881315,,
,136,160417589,,,0,,,0,-92.649848,41.3018015,,
,137,160417592,,,0,,,0,-92.6506316,41.301808,,
,138,160417774,,,0,,,0,-92.632305,41.2562869,,
,139,160417777,,,0,,,0,-92.63179,41.2559723,,
,140,160417935,,,0,,,0,-92.6574383,41.2840105,,
,141,160418051,,,0,,,0,-92.621801,41.2962102,,
,143,160418303,,,0,,,0,-92.6795411,41.2635716,,
,144,160418307,,,0,,,0,-92.6798608,41.2690262,,
,145,160418531,,,0,,,0,-92.6224256,41.3108328,,
,146,160418533,,,0,,,0,-92.6318689,41.3010246,,
,147,160418535,,,0,,,0,-92.6305102,41.3010313,,
,148,160418543,,,0,,,0,-92.6439101,41.300764,,
,149,160418545,,,0,,,0,-92.6451228,41.3007588,,
,150,160418547,,,0,,,0,-92.6366785,41.3009406,,
,151,160418549,,,0,,,0,-92.6356768,41.3010084,,
,152,160418581,,,0,,,0,-92.6203419,41.2889381,,
,153,160418584,,,0,,,0,-92.6216395,41.2889549,,
,154,160418592,,,0,,,0,-92.6270005,41.2871512,,
,155,160418601,,,0,,,0,-92.6306975,41.288976,,
,156,160418603,,,0,,,0,-92.6319138,41.2889696,,
,157,160418605,,,0,,,0,-92.6338676,41.2889768,,
,158,160418608,,,0,,,0,-92.6350963,41.2889675,,
,159,160418610,,,0,,,0,-92.636791,41.2889582,,
,160,160418688,,,0,,,0,-92.5348585,41.2929397,,
,161,160418694,,,0,,,0,-92.555212,41.292948,,
,162,160418700,,,0,,,0,-92.549105,41.293063,,
,163,160418804,traffic_signals,,1,,,0,-92.6451081,41.2953139,,
,164,160418806,traffic_signals,,1,,,0,-92.6451258,41.2962328,,
,165,160418808,,,0,,,0,-92.6451225,41.2971209,,
,166,160418810,,,0,,,0,-92.6451161,41.2984877,,
,167,160418813,,,0,,,0,-92.6451221,41.3016791,,
,168,160418816,,,0,,,0,-92.645246,41.3034792,,
,169,160418819,,,0,,,0,-92.645292,41.3043549,,
,170,160418822,,,0,,,0,-92.6453228,41.3049174,,
,171,160418826,,,0,,,0,-92.645415,41.3062027,,
,172,160418828,,,0,,,0,-92.6454985,41.3074163,,
,173,160418831,,,0,,,0,-92.6455174,41.3077531,,
,174,160418840,,,0,,,0,-92.6456775,41.3113402,,
,175,160418848,,,0,,,0,-92.6457312,41.3124858,,
,176,160418851,,,0,,,0,-92.6457467,41.312875,,
,177,160418853,,,0,,,0,-92.6458438,41.3169881,,
,178,160418861,,,0,,,0,-92.6458665,41.3196308,,
,179,160418875,,,0,,,0,-92.6438928,41.295321,,
,180,160418878,traffic_signals,,1,,,0,-92.6438928,41.2962368,,
,181,160418881,,,0,,,0,-92.6439061,41.2971198,,
,182,160418884,,,0,,,0,-92.6439072,41.2984947,,
,183,160418886,,,0,,,0,-92.6439167,41.3016778,,
,184,160418888,,,0,,,0,-92.6439279,41.3028609,,
,185,160418891,,,0,,,0,-92.6439376,41.3043574,,
,186,160418933,,,0,,,0,-92.6600217,41.2870789,,
,187,160418939,,,0,,,0,-92.660018,41.2880291,,
,188,160418940,,,0,,,0,-92.6600191,41.2885113,,
,189,160418941,,,0,,,0,-92.66002,41.2888196,,
,190,160418942,,,0,,,0,-92.6600256,41.292501,,
,191,160418944,,,0,,,0,-92.6600239,41.2934633,,
,192,160418947,,,0,,,0,-92.6599503,41.2939131,,
,193,160419172,,,0,,,0,-92.6455972,41.2815937,,
,194,160419174,,,0,,,0,-92.6456409,41.2824797,,
,195,160419176,,,0,,,0,-92.6456504,41.2833854,,
,196,160419178,,,0,,,0,-92.6456593,41.2842899,,
,197,160419180,,,0,,,0,-92.6456557,41.2852629,,
,198,160419191,,,0,,,0,-92.6453331,41.286528,,
,199,160419194,,,0,,,0,-92.6450926,41.2876411,,
,200,160419196,,,0,,,0,-92.6450809,41.2880488,,
,201,160419201,,,0,,,0,-92.645085,41.2894704,,
,202,160419204,,,0,,,0,-92.645091,41.2898437,,
,203,160419206,,,0,,,0,-92.6450913,41.2899496,,
,204,160419208,,,0,,,0,-92.6450832,41.2908371,,
,205,160419210,,,0,,,0,-92.6450943,41.2917247,,
,206,160419213,,,0,,,0,-92.6450996,41.2926117,,
,207,160419216,traffic_signals,,1,,,0,-92.645111,41.2934971,,
,208,160419219,traffic_signals,,1,,,0,-92.6450944,41.2944087,,
,209,160419290,,,0,,,0,-92.6438509,41.3082586,,
,210,160419294,,,0,,,0,-92.6438596,41.3112158,,
,211,160419459,,,0,,,0,-92.6474333,41.2880314,,
,212,160419461,,,0,,,0,-92.6486171,41.288028,,
,213,160419466,,,0,,,0,-92.6497939,41.2880285,,
,214,160419470,,,0,,,0,-92.6510096,41.2880306,,
,215,160419473,,,0,,,0,-92.6521922,41.2880274,,
,216,160419484,,,0,,,0,-92.6614648,41.2880209,,
,217,160419711,,,0,,,0,-92.6318955,41.2985328,,
,218,160419714,,,0,,,0,-92.6333322,41.298527,,
,219,160419717,,,0,,,0,-92.6345096,41.2985226,,
,220,160419720,,,0,,,0,-92.6356823,41.2985182,,
,221,160419723,,,0,,,0,-92.6366872,41.2985144,,
,222,160419726,,,0,,,0,-92.6380235,41.2985094,,
,223,160419729,,,0,,,0,-92.6391899,41.298505,,
,224,160419732,,,0,,,0,-92.6403643,41.2985006,,
,225,160419734,,,0,,,0,-92.6415325,41.2984962,,
,226,160419737,,,0,,,0,-92.6426995,41.2985001,,
,227,160419746,,,0,,,0,-92.688846,41.271343,,
,229,160419755,,,0,,,0,-92.6859223,41.2736634,,
,230,160419757,,,0,,,0,-92.683849,41.275319,,
,231,160419759,,,0,,,0,-92.6833616,41.2757054,,
,232,160419762,,,0,,,0,-92.6829429,41.2759143,,
,233,160419765,,,0,,,0,-92.6815793,41.2763626,,
,234,160419767,,,0,,,0,-92.6802845,41.2767824,,
,235,160419774,,,0,,,0,-92.678999,41.2778061,,
,236,160419785,,,0,,,0,-92.6782265,41.2780455,,
,237,160419855,,,0,,,0,-92.6509091,41.3356254,,
,238,160419867,,,0,,,0,-92.679679,41.335469,,
,239,160419874,,,0,,,0,-92.698894,41.335377,,
,240,160419881,,,0,,,0,-92.70372,41.335445,,
,241,160419920,,,0,,,0,-92.6225349,41.3356386,,
,242,160419924,,,0,,,0,-92.6410991,41.335673,,
,243,160419928,,,0,,,0,-92.6487759,41.3355727,,
,244,160419933,,,0,,,0,-92.6190354,41.2841529,,
,245,160419939,,,0,,,0,-92.6189883,41.2868604,,
,246,160419942,,,0,,,0,-92.6189777,41.287922,,
,247,160419947,,,0,,,0,-92.650938,41.2934386,,
,248,160419950,,,0,,,0,-92.650999,41.292596,,
,249,160419955,,,0,,,0,-92.650994,41.2917101,,
,250,160419961,,,0,,,0,-92.65102,41.2869616,,
,251,160419963,,,0,,,0,-92.6510205,41.286742,,
,252,160419983,,,0,,,0,-92.6415575,41.3028647,,
,253,160419985,,,0,,,0,-92.6427036,41.3028754,,
,254,160420048,,,0,,,0,-92.6498322,41.2953077,,
,255,160420051,traffic_signals,,1,,,0,-92.6498373,41.2962148,,
,256,160420053,,,0,,,0,-92.6498457,41.2970986,,
,257,160420055,,,0,,,0,-92.6498414,41.2984756,,
,258,160420057,,,0,,,0,-92.6498538,41.2993503,,
,259,160420061,,,0,,,0,-92.6498464,41.3007405,,
,260,160420065,,,0,,,0,-92.6498468,41.3011183,,
,261,160420385,,,0,,,0,-92.6469443,41.3077407,,
,262,160420388,,,0,,,0,-92.648282,41.3077429,,
,263,160420391,,,0,,,0,-92.6495042,41.3077394,,
,264,160420393,,,0,,,0,-92.6506619,41.307741,,
,265,160420397,,,0,,,0,-92.6600369,41.2744228,,
,266,160420409,,,0,,,0,-92.6415643,41.307426,,
,267,160420432,,,0,,,0,-92.564631,41.263677,,
,268,160420437,,,0,,,0,-92.564601,41.270975,,
,269,160420443,,,0,,,0,-92.564783,41.289072,,
,270,160420532,,,0,,,0,-92.555379,41.332649,,
,271,160420534,,,0,,,0,-92.560107,41.332685,,
,272,160420542,,,0,,,0,-92.5262093,41.2604052,,
,273,160420558,,,0,,,0,-92.5360006,41.2896146,,
,274,160420680,,,0,,,0,-92.5359604,41.2901616,,
,275,160420735,,,0,,,0,-92.5362621,41.2884372,,
,276,160420859,,,0,,,0,-92.5359901,41.2872532,,
,277,160420878,,,0,,,0,-92.6467158,41.3141581,,
,278,160420899,,,0,,,0,-92.6556799,41.289933,,
,279,160420902,,,0,,,0,-92.6556713,41.290823,,
,280,160420905,,,0,,,0,-92.6556691,41.291259,,
,281,160420907,,,0,,,0,-92.6556684,41.2916995,,
,282,160420910,,,0,,,0,-92.6556676,41.2925376,,
,283,160420914,,,0,,,0,-92.6556668,41.2934685,,
,284,160420916,,,0,,,0,-92.6556808,41.2943652,,
,285,160420917,,,0,,,0,-92.6556897,41.2953089,,
,286,160421235,,,0,,,0,-92.6521904,41.2869708,,
,287,160421713,,,0,,,0,-92.6127258,41.314153,,
,288,160421741,,,0,,,0,-92.6031522,41.3163314,,
,289,160421744,,,0,,,0,-92.5984414,41.3165608,,
,290,160421918,,,0,,,0,-92.6822273,41.27377,,
,291,160421920,,,0,,,0,-92.6828246,41.2747574,,
,292,160421944,traffic_signals,,1,,,0,-92.6234881,41.292705,,
,293,160421954,,,0,,,0,-92.6296357,41.2926746,,
,294,160421957,,,0,,,0,-92.6319214,41.2926734,,
,295,160421961,,,0,,,0,-92.6344703,41.2926597,,
,296,160421964,,,0,,,0,-92.6356392,41.292656,,
,297,160421967,,,0,,,0,-92.636821,41.2926358,,
,298,160421971,,,0,,,0,-92.6379897,41.2926434,,
,299,160421974,,,0,,,0,-92.6391698,41.2926392,,
,300,160421977,,,0,,,0,-92.6403389,41.2926324,,
,301,160421979,,,0,,,0,-92.641506,41.2926313,,
,302,160421981,,,0,,,0,-92.6426681,41.2926178,,
,303,160421984,,,0,,,0,-92.6438675,41.2926098,,
,304,160421992,turning_circle,,0,,,0,-92.6618065,41.283539,,
,305,160422021,,,0,,,0,-92.6414744,41.2894374,,
,306,160422023,,,0,,,0,-92.6426552,41.2894393,,
,307,160422026,,,0,,,0,-92.6438415,41.2894508,,
,308,160422061,,,0,,,0,-92.6878272,41.2927561,,
,309,160422083,,,0,,,0,-92.6782347,41.2961655,,
,310,160422094,traffic_signals,,1,,,0,-92.6696796,41.2961274,0,
,311,160422106,,,0,,,0,-92.6126936,41.2960841,,
,312,160422109,,,0,,,0,-92.6031154,41.296159,,
,313,160422118,,,0,,,0,-92.5839624,41.2963515,,
,314,160422121,,,0,,,0,-92.5696126,41.2964121,,
,315,160422125,,,0,,,0,-92.5551828,41.296574,,
,316,160422132,,,0,,,0,-92.5476244,41.2991545,,
,317,160422134,,,0,,,0,-92.5461899,41.2998356,,
,318,160422138,,,0,,,0,-92.5407829,41.3024634,,
,319,160422277,,,0,,,0,-92.6888368,41.2922438,,
,320,160422412,,,0,,,0,-92.7225859,41.2867414,,
,322,160422450,,,0,,,0,-92.66517,41.2961613,,
,323,160422468,,,0,,,0,-92.6426863,41.29533,,
,324,160422472,,,0,,,0,-92.6415328,41.295339,,
,325,160422474,,,0,,,0,-92.6403519,41.2953364,,
,326,160422476,,,0,,,0,-92.6380143,41.2953537,,
,327,160422479,,,0,,,0,-92.6368327,41.2953599,,
,328,160422486,,,0,,,0,-92.6344933,41.295353,,
,329,160422488,,,0,,,0,-92.6342707,41.2953508,,
,330,160422489,,,0,,,0,-92.6319073,41.295367,,
,331,160422511,,,0,,,0,-92.640421,41.2830892,,
,332,160422516,,,0,,,0,-92.6367648,41.2831458,,
,333,160422524,,,0,,,0,-92.6426255,41.2833962,,
,334,160422527,,,0,,,0,-92.643779,41.2833943,,
,335,160422557,,,0,,,0,-92.6271098,41.2846834,,
,336,160422559,,,0,,,0,-92.6269966,41.2856572,,
,337,160422561,,,0,,,0,-92.6269879,41.2864082,,
,338,160422587,,,0,,,0,-92.6585681,41.2885476,,
,339,160422594,,,0,,,0,-92.6463231,41.3007603,,
,340,160422596,,,0,,,0,-92.647506,41.3007559,,
,341,160422600,,,0,,,0,-92.6486801,41.3007431,,
,342,160422606,,,0,,,0,-92.6403667,41.2962548,,
,343,160422608,,,0,,,0,-92.6403605,41.2971416,,
,344,160422609,,,0,,,0,-92.6403742,41.3003429,,
,345,160422611,,,0,,,0,-92.6403749,41.3016658,,
,346,160422614,,,0,,,0,-92.6403853,41.303408,,
,347,160422617,,,0,,,0,-92.6403949,41.3043564,,
,348,160422619,,,0,,,0,-92.6404429,41.3048934,,
,349,160422640,,,0,,,0,-92.6506398,41.3062029,,
,350,160422643,,,0,,,0,-92.6494886,41.306211,,
,351,160422647,,,0,,,0,-92.6482694,41.3062136,,
,352,160422650,,,0,,,0,-92.6469489,41.3061977,,
,353,160422654,,,0,,,0,-92.662568,41.3046837,,
,354,160422657,,,0,,,0,-92.6602309,41.3047044,,
,355,160422663,,,0,,,0,-92.6031064,41.2794759,,
,356,160422668,,,0,,,0,-92.6033361,41.2853484,,
,357,160422677,,,0,,,0,-92.598346,41.314234,,
,358,160422687,,,0,,,0,-92.5937816,41.3289162,,
,359,160422750,,,0,,,0,-92.6030496,41.2653332,,
,360,160422755,,,0,,,0,-92.6029775,41.269761,,
,361,160422758,,,0,,,0,-92.6030608,41.2708498,,
,362,160422842,,,0,,,0,-92.5970384,41.338316,,
,364,160422910,,,0,,,0,-92.6475288,41.2762207,,
,365,160422922,,,0,,,0,-92.652822,41.2762228,,
,366,160422941,,,0,,,0,-92.6296904,41.2944735,,
,367,160422971,,,0,,,0,-92.6580389,41.2952937,,
,368,160422973,,,0,,,0,-92.6580415,41.2962069,,
,369,160422975,,,0,,,0,-92.6580316,41.2970959,,
,370,160422977,,,0,,,0,-92.6580227,41.2984579,,
,371,160423021,,,0,,,0,-92.723601,41.314207,,
,372,160423024,,,0,,,0,-92.723693,41.315839,,
,373,160423028,,,0,,,0,-92.6745637,41.3105947,,
,374,160423030,,,0,,,0,-92.6601668,41.3106809,,
,375,160423047,,,0,,,0,-92.6145589,41.2866183,,
,376,160423050,,,0,,,0,-92.6146286,41.2874685,,
,377,160423061,,,0,,,0,-92.6254244,41.2859507,,
,378,160423064,,,0,,,0,-92.625418,41.2871619,,
,379,160423068,,,0,,,0,-92.6126759,41.2982507,,
,380,160423117,,,0,,,0,-92.6059799,41.2673013,,
,381,160423132,,,0,,,0,-92.6222805,41.2672285,,
,382,160423139,,,0,,,0,-92.6298446,41.2672116,,
,383,160423148,,,0,,,0,-92.631896,41.2659786,,
,384,160423158,,,0,,,0,-92.6486633,41.2962133,,
,385,160423160,,,0,,,0,-92.6486555,41.2971042,,
,386,160423163,,,0,,,0,-92.6486673,41.2984746,,
,387,160423166,,,0,,,0,-92.648677,41.2993629,,
,388,160423172,,,0,,,0,-92.6486815,41.3034737,,
,389,160423291,,,0,,,0,-92.6391904,41.296257,,
,390,160423292,,,0,,,0,-92.6391967,41.2971421,,
,391,160423294,,,0,,,0,-92.6392309,41.3002902,,
,392,160423322,,,0,,,0,-92.646278,41.2898365,,
,393,160423324,,,0,,,0,-92.6462809,41.2908332,,
,394,160423326,,,0,,,0,-92.6462834,41.2917202,,
,395,160423328,,,0,,,0,-92.646286,41.2926093,,
,396,160423331,,,0,,,0,-92.6462885,41.2934932,,
,397,160423342,,,0,,,0,-92.6463283,41.2984849,,
,398,160423343,,,0,,,0,-92.6475021,41.2984852,,
,399,160423345,,,0,,,0,-92.6510253,41.2984716,,
,400,160423354,,,0,,,0,-92.6533431,41.2984555,,
,401,160423356,,,0,,,0,-92.6545129,41.298463,,
,402,160423358,,,0,,,0,-92.6556908,41.298463,,
,403,160423363,,,0,,,0,-92.6568643,41.2984619,,
,404,160423530,,,0,,,0,-92.6463325,41.3026436,,
,405,160423533,,,0,,,0,-92.6475284,41.3026436,,
,406,160423645,,,0,,,0,-92.569636,41.286815,,
,407,160423648,,,0,,,0,-92.569637,41.289095,,
,408,160423650,,,0,,,0,-92.569729,41.307239,,
,409,160423654,,,0,,,0,-92.570304,41.311447,,
,410,160423740,,,0,,,0,-92.593122,41.285282,,
,411,160423742,,,0,,,0,-92.592947,41.287439,,
,412,160423751,,,0,,,0,-92.6203429,41.2897947,,
,413,160423756,,,0,,,0,-92.6216424,41.2898035,,
,414,160423758,,,0,,,0,-92.6344987,41.2900282,,
,415,160423760,,,0,,,0,-92.6356446,41.2899911,,
,416,160423763,,,0,,,0,-92.6367956,41.2899837,,
,417,160423765,,,0,,,0,-92.637984,41.2899756,,
,418,160423768,,,0,,,0,-92.6391473,41.2899747,,
,419,160423769,,,0,,,0,-92.6403234,41.2899821,,
,420,160423772,,,0,,,0,-92.6414797,41.2899665,,
,421,160423774,,,0,,,0,-92.642653,41.2899626,,
,422,160423776,,,0,,,0,-92.643854,41.289962,,
,423,160423829,,,0,,,0,-92.6203454,41.2883754,,
,424,160424032,,,0,,,0,-92.6380075,41.296264,,
,425,160424034,,,0,,,0,-92.6380165,41.2971516,,
,426,160424036,,,0,,,0,-92.6380354,41.3003368,,
,427,160424043,,,0,,,0,-92.6381472,41.3034287,,
,428,160424051,,,0,,,0,-92.6533459,41.2953079,,
,429,160424057,,,0,,,0,-92.6533434,41.2962068,,
,430,160424061,,,0,,,0,-92.653334,41.2970804,,
,431,160424068,,,0,,,0,-92.6533443,41.2993508,,
,432,160424083,,,0,,,0,-92.6533435,41.3002432,,
,433,160424087,,,0,,,0,-92.6533414,41.3011203,,
,434,160424098,,,0,,,0,-92.6404739,41.2815996,,
,435,160424121,,,0,,,0,-92.6403001,41.2855626,,
,436,160424126,,,0,,,0,-92.6403101,41.2869583,,
,437,160424138,,,0,,,0,-92.6403043,41.2879862,,
,438,160424167,,,0,,,0,-92.6403285,41.2908546,,
,439,160424173,,,0,,,0,-92.6403337,41.2917408,,
,440,160424178,,,0,,,0,-92.6403441,41.2935168,,
,441,160424468,,,0,,,0,-92.6825416,41.2790695,,
,442,160424472,,,0,,,0,-92.6812478,41.2790504,,
,443,160424563,,,0,,,0,-92.6834493,41.2769653,,
,444,160424565,,,0,,,0,-92.6821396,41.2773761,,
,445,160424569,,,0,,,0,-92.6808629,41.277774,,
,446,160424703,,,0,,,0,-92.6835123,41.2733388,,
,447,160424706,,,0,,,0,-92.6840775,41.2743149,,
,448,160424818,,,0,,,0,-92.6229273,41.2852051,,
,449,160424822,,,0,,,0,-92.6228809,41.2871848,,
,450,160424828,,,0,,,0,-92.6294197,41.2840431,,
,451,160424830,,,0,,,0,-92.6319222,41.2840404,,
,452,160424840,,,0,,,0,-92.642634,41.2843099,,
,453,160424844,,,0,,,0,-92.6437661,41.2843037,,
,454,160424857,,,0,,,0,-92.6801145,41.2738589,,
,455,160424861,,,0,,,0,-92.6803945,41.2743812,,
,456,160424864,,,0,,,0,-92.6809779,41.2753401,,
,457,160424865,,,0,,,0,-92.6825146,41.2780359,,
,458,160424885,,,0,,,0,-92.6054164,41.269806,,
,459,160424904,,,0,,,0,-92.6515542,41.2925534,,
,460,160424912,,,0,,,0,-92.6498223,41.2926026,,
,461,160424915,,,0,,,0,-92.648644,41.2926049,,
,462,160424918,,,0,,,0,-92.6474607,41.2926071,,
,463,160424928,,,0,,,0,-92.6530157,41.2925936,,
,464,160424930,,,0,,,0,-92.653351,41.2925931,,
,465,160424932,,,0,,,0,-92.6545043,41.2925833,,
,466,160424934,,,0,,,0,-92.6569411,41.2925102,,
,467,160424945,,,0,,,0,-92.6663609,41.292511,,
,468,160424952,,,0,,,0,-92.6515516,41.2917075,,
,469,160424959,,,0,,,0,-92.6391281,41.2873591,,
,470,160424961,,,0,,,0,-92.6391237,41.2879919,,
,471,160424962,,,0,,,0,-92.6391234,41.2886677,,
,472,160424974,,,0,,,0,-92.6386942,41.2771593,,
,473,160424977,,,0,,,0,-92.6386054,41.2816052,,
,474,160424988,,,0,,,0,-92.6391548,41.2908612,,
,475,160424991,,,0,,,0,-92.6391624,41.2917564,,
,476,160424995,,,0,,,0,-92.6391773,41.2935262,,
,477,160425057,,,0,,,0,-92.6371976,41.303433,,
,478,160425069,,,0,,,0,-92.6368325,41.2962693,,
,479,160425076,,,0,,,0,-92.6201123,41.2975818,,
,480,160425078,,,0,,,0,-92.6200411,41.2985367,,
,482,160425334,,,0,,,0,-92.637632,41.2761834,,
,483,160425374,,,0,,,0,-92.6293614,41.2707248,,
,484,160425445,,,0,,,0,-92.688755,41.256078,,
,485,160425451,,,0,,,0,-92.688756,41.263376,,
,486,160425503,,,0,,,0,-92.693637,41.263399,,
,487,160425506,,,0,,,0,-92.6935167,41.2707856,,
,488,160425558,,,0,,,0,-92.6463129,41.2953155,,
,489,160425572,,,0,,,0,-92.6476367,41.2957027,,
,490,160425581,,,0,,,0,-92.6489575,41.2952765,,
,491,160425584,,,0,,,0,-92.6510089,41.2953068,,
,492,160425593,,,0,,,0,-92.6545238,41.2953084,,
,493,160425596,,,0,,,0,-92.6568648,41.2952943,,
,494,160425614,,,0,,,0,-92.6438638,41.2908347,,
,495,160425616,,,0,,,0,-92.643878,41.2917286,,
,496,160425619,,,0,,,0,-92.6438725,41.2934883,,
,497,160425622,,,0,,,0,-92.6438804,41.2943991,,
,498,160425633,,,0,,,0,-92.6438123,41.2865328,,
,499,160425637,,,0,,,0,-92.6439033,41.2876277,,
,500,160425640,,,0,,,0,-92.6439114,41.287814,,
,501,160425644,,,0,,,0,-92.6437765,41.2815948,,
,502,160425647,,,0,,,0,-92.6437575,41.2824821,,
,503,160425650,,,0,,,0,-92.6437844,41.2852205,,
,504,160425657,,,0,,,0,-92.6415307,41.3003481,,
,505,160425670,,,0,,,0,-92.6318795,41.2997448,,
,506,160425674,,,0,,,0,-92.6305644,41.299781,,
,507,160425851,,,0,,,0,-92.64666,41.3128583,,
,508,160425960,,,0,,,0,-92.6545319,41.2852688,,
,509,160425963,,,0,,,0,-92.6545183,41.2869866,,
,510,160425972,,,0,,,0,-92.654514,41.2898028,,
,511,160425974,,,0,,,0,-92.6545178,41.2899337,,
,512,160425976,,,0,,,0,-92.6545052,41.2908152,,
,513,160425977,,,0,,,0,-92.6545028,41.2917067,,
,514,160425979,,,0,,,0,-92.6545054,41.2934665,,
,515,160425980,,,0,,,0,-92.6545157,41.2943685,,
,516,160426444,,,0,,,0,-92.6416157,41.3043578,,
,517,160426449,,,0,,,0,-92.6427339,41.3043524,,
,518,160426539,,,0,,,0,-92.6987863,41.3250806,,
,519,160426740,,,0,,,0,-92.6214686,41.2785943,,
,520,160426760,,,0,,,0,-92.623839,41.2854801,,
,521,160426763,,,0,,,0,-92.6237471,41.2871731,,
,522,160426774,traffic_signals,,1,,,0,-92.6232802,41.2962134,,
,523,160427139,,,0,,,0,-92.6507315,41.3251832,,
,524,160427164,,,0,,,0,-92.6512281,41.3396285,,
,527,160427182,,,0,,,0,-92.6528566,41.2743616,,
,528,160427184,crossing,,0,,,0,-92.6528293,41.2771647,,
,530,160427232,,,0,,,0,-92.6503777,41.2563004,,
,531,160427242,,,0,,,0,-92.6506953,41.3193751,,
,532,160427244,,,0,,,0,-92.6507131,41.3215328,,
,533,160427250,,,0,,,0,-92.6479262,41.2562949,,
,534,160427251,,,0,,,0,-92.6479681,41.2635201,,
,535,160427255,,,0,,,0,-92.6426935,41.2971227,,
,536,160427258,,,0,,,0,-92.6415291,41.297132,,
,537,160427260,,,0,,,0,-92.6356671,41.2971537,,
,538,160427265,,,0,,,0,-92.6345019,41.297154,,
,539,160427269,,,0,,,0,-92.6333177,41.2971539,,
,540,160427271,,,0,,,0,-92.6318811,41.2971598,,
,541,160427280,,,0,,,0,-92.625262,41.2970696,,
,542,160427292,,,0,,,0,-92.6290549,41.2971601,,
,543,160427302,,,0,,,0,-92.6506272,41.3309182,,
,544,160427320,,,0,,,0,-92.6415711,41.308255,,
,545,160427323,,,0,,,0,-92.6427507,41.3082653,,
,546,160427337,,,0,,,0,-92.593612,41.314349,,
,547,160427364,,,0,,,0,-92.5902004,41.3289277,,
,548,160427395,,,0,,,0,-92.6415373,41.3016603,,
,549,160427480,,,0,,,0,-92.6319226,41.2908901,,
,550,160427481,,,0,,,0,-92.6344538,41.2908741,,
,551,160427482,,,0,,,0,-92.6356466,41.290879,,
,552,160427485,,,0,,,0,-92.6368074,41.2908714,,
,553,160427488,,,0,,,0,-92.6379915,41.2908686,,
,554,160427491,,,0,,,0,-92.6414884,41.290853,,
,555,160427493,,,0,,,0,-92.6426562,41.2908432,,
,556,160427513,,,0,,,0,-92.6592947,41.2939622,,
,557,160427520,,,0,,,0,-92.6592205,41.2943705,,
,560,160427557,,,0,,,0,-92.6647931,41.2635822,,
,561,160427562,,,0,,,0,-92.674261,41.263285,,
,562,160427570,,,0,,,0,-92.7068059,41.2635002,,
,565,160427651,,,0,,,0,-92.584088,41.328583,,
,566,160427828,,,0,,,0,-92.6273733,41.2985047,,
,567,160427831,,,0,,,0,-92.6264776,41.2985109,,
,568,160427855,,,0,,,0,-92.6497792,41.2852723,,
,569,160427864,,,0,,,0,-92.649788,41.2898152,,
,570,160427867,,,0,,,0,-92.6498034,41.2908216,,
,571,160427869,,,0,,,0,-92.6498133,41.2917076,,
,572,160427871,,,0,,,0,-92.6498202,41.2934877,,
,573,160427873,,,0,,,0,-92.6498245,41.2943914,,
,574,160427883,,,0,,,0,-92.6319273,41.2762327,,
,575,160427888,,,0,,,0,-92.6366778,41.2766775,,
,576,160427911,,,0,,,0,-92.6612836,41.2744158,,
,578,160427914,,,0,,,0,-92.6647491,41.2743436,,
,579,160427918,,,0,,,0,-92.6742379,41.2743809,,
,580,160427925,crossing,,0,,,0,-92.6456106,41.2762087,,
,581,160427926,,,0,,,0,-92.6447214,41.2762079,,
,582,160427982,,,0,,,0,-92.6426418,41.2852055,,
,583,160428007,,,0,,,0,-92.65224,41.2898055,,
,584,160428010,,,0,,,0,-92.6486312,41.2898222,,
,585,160428013,,,0,,,0,-92.6474591,41.2898274,,
,586,160428091,,,0,,,0,-92.6615039,41.2888195,,
,587,160428137,,,0,,,0,-92.555198,41.289119,,
,588,160428143,,,0,,,0,-92.607996,41.2854007,,
,589,160428154,,,0,,,0,-92.583983,41.285318,,
,590,160428156,,,0,,,0,-92.579036,41.285377,,
,591,160428170,,,0,,,0,-92.5450067,41.2860397,,
,592,160428186,,,0,,,0,-92.5551213,41.2864026,,
,593,160428205,,,0,,,0,-92.5345283,41.2854104,,
,594,160428311,,,0,,,0,-92.6319292,41.2811411,,
,595,160428321,,,0,,,0,-92.6415979,41.3109715,,
,596,160428400,,,0,,,0,-92.645517,41.2744567,,
,597,160428409,,,0,,,0,-92.6456248,41.2795898,,
,598,160428417,,,0,,,0,-92.6429092,41.3140222,,
,599,160428425,,,0,,,0,-92.640902,41.3150952,,
,600,160428540,,,0,,,0,-92.7175802,41.2610528,,
,601,160428563,,,0,,,0,-92.6960771,41.2706944,,
,602,160428606,,,0,,,0,-92.6701437,41.2852801,,
,603,160428608,,,0,,,0,-92.6624036,41.2852793,,
,604,160428623,,,0,,,0,-92.6747613,41.2821868,,
,605,160428642,,,0,,,0,-92.6808988,41.278052,,
,606,160428645,,,0,,,0,-92.6841912,41.2780211,,
,609,160428662,,,0,,,0,-92.6887161,41.2780421,,
,610,160428682,,,0,,,0,-92.6602245,41.3003298,,
,611,160428683,,,0,,,0,-92.6602446,41.3021895,,
,612,160428686,,,0,,,0,-92.6601905,41.3060871,,
,613,160428695,,,0,,,0,-92.6379645,41.2873617,,
,614,160428698,,,0,,,0,-92.6379766,41.2879973,,
,615,160428702,,,0,,,0,-92.6379844,41.2886709,,
,616,160428710,turning_circle,,0,,,0,-92.6376877,41.2795589,,
,617,160428711,,,0,,,0,-92.6376933,41.281611,,
,618,160428717,,,0,,,0,-92.6379934,41.291763,,
,619,160428720,,,0,,,0,-92.6379962,41.2935333,,
,620,160428723,,,0,,,0,-92.6380082,41.2944183,,
,621,160428736,turning_circle,,0,,,0,-92.6356494,41.3016751,,
,622,160428741,,,0,,,0,-92.6356649,41.2962673,,
,623,160428786,,,0,,,0,-92.6789437,41.274446,,
,624,160428822,,,0,,,0,-92.6509691,41.3002337,,
,625,160428829,,,0,,,0,-92.6544991,41.300243,,
,626,160428831,,,0,,,0,-92.6556814,41.3002428,,
,627,160428872,,,0,,,0,-92.6482648,41.3034697,,
,628,160428875,,,0,,,0,-92.648259,41.3043662,,
,629,160428884,,,0,,,0,-92.64828,41.3056666,,
,630,160428913,,,0,,,0,-92.6506304,41.3043602,,
,631,160428918,,,0,,,0,-92.6469116,41.3044365,,
,632,160428975,,,0,,,0,-92.6344995,41.2962723,,
,633,160429004,,,0,,,0,-92.6367534,41.2795473,,
,634,160429007,,,0,,,0,-92.6367545,41.2809154,,
,635,160429010,,,0,,,0,-92.6367639,41.2816671,,
,636,160429022,,,0,,,0,-92.6367779,41.2860554,,
,637,160429024,,,0,,,0,-92.6367821,41.2869803,,
,638,160429026,,,0,,,0,-92.636787,41.288003,,
,639,160429031,,,0,,,0,-92.6368128,41.2917673,,
,640,160429033,,,0,,,0,-92.6368294,41.2935325,,
,641,160429035,,,0,,,0,-92.6368265,41.2944324,,
,642,160429046,,,0,,,0,-92.6426622,41.2917333,,
,643,160429048,,,0,,,0,-92.6414972,41.291739,,
,644,160429052,,,0,,,0,-92.634468,41.291762,,
,645,160429054,,,0,,,0,-92.6319255,41.2917786,,
,646,160429078,,,0,,,0,-92.6791255,41.2747699,,
,647,160429087,,,0,,,0,-92.6796904,41.2757685,,
,648,160429108,,,0,,,0,-92.6580184,41.2943749,,
,649,160429365,,,0,,,0,-92.6463032,41.2971153,,
,650,160429367,,,0,,,0,-92.6475055,41.2971096,,
,651,160429369,,,0,,,0,-92.6510025,41.2970931,,
,652,160429376,,,0,,,0,-92.6545234,41.297093,,
,653,160429379,,,0,,,0,-92.6556877,41.2970935,,
,654,160429382,,,0,,,0,-92.6568623,41.2970863,,
,655,160429385,,,0,,,0,-92.6597321,41.2971016,,
,656,160429480,,,0,,,0,-92.6568602,41.2962028,,
,657,160429775,,,0,,,0,-92.6625427,41.3021976,,
,658,160429803,,,0,,,0,-92.6350914,41.2860647,,
,659,160429804,,,0,,,0,-92.6350932,41.2870512,,
,660,160429805,,,0,,,0,-92.6351075,41.2880111,,
,661,160429809,,,0,,,0,-92.6356424,41.2935363,,
,662,160429813,,,0,,,0,-92.6356545,41.2944286,,
,663,160430064,,,0,,,0,-92.6474525,41.2908293,,
,664,160430067,,,0,,,0,-92.6486358,41.2908254,,
,665,160430070,,,0,,,0,-92.6522474,41.2908307,,
,666,160430097,,,0,,,0,-92.58399,41.307809,,
,667,160430099,,,0,,,0,-92.584083,41.314443,,
,668,160430100,,,0,,,0,-92.584077,41.332853,,
,669,160430159,,,0,,,0,-92.6474979,41.2962155,,
,670,160430161,,,0,,,0,-92.6475093,41.2993725,,
,671,160430163,,,0,,,0,-92.647528,41.3034734,,
,672,160430249,,,0,,,0,-92.6455064,41.2808531,,
,673,160430262,,,0,,,0,-92.6623379,41.2870466,,
,675,160430554,,,0,,,0,-92.6521552,41.2852628,,
,676,160430934,,,0,,,0,-92.6342762,41.2944416,,
,677,160430941,,,0,,,0,-92.6338452,41.2860715,,
,678,160430944,,,0,,,0,-92.633857,41.2870557,,
,679,160430947,,,0,,,0,-92.6338661,41.288017,,
,680,160430962,,,0,,,0,-92.6344728,41.2932178,,
,681,160430964,,,0,,,0,-92.6344805,41.2935464,,
,682,160430965,,,0,,,0,-92.6344664,41.2944408,,
,683,160430998,,,0,,,0,-92.6170047,41.3154575,,
,684,160431004,,,0,,,0,-92.617451,41.317029,,
,685,160431014,,,0,,,0,-92.61704,41.31785,,
,686,160431023,,,0,,,0,-92.61859,41.317234,,
,687,160431068,,,0,,,0,-92.6839203,41.2911068,,
,688,160431126,,,0,,,0,-92.6791547,41.2571797,,
,689,160431160,,,0,,,0,-92.6887928,41.2996935,,
,690,160431314,traffic_signals,,1,,,0,-92.6415235,41.2962495,,
,691,160431349,,,0,,,0,-92.6853765,41.2753307,,
,692,160431394,,,0,,,0,-92.6284154,41.3034415,,
,693,160431414,,,0,,,0,-92.6246096,41.3071337,,
,694,160431507,,,0,,,0,-92.7228081,41.2779245,,
,695,160431624,,,0,,,0,-92.717559,41.255913,,
,696,160431628,,,0,,,0,-92.717777,41.270556,,
,697,160431647,,,0,,,0,-92.6426829,41.2962462,,
,698,160431650,,,0,,,0,-92.6427165,41.2999007,,
,699,160431686,,,0,,,0,-92.648929,41.2943938,,
,700,160431695,,,0,,,0,-92.6485927,41.2870557,,
,701,160431699,,,0,,,0,-92.6486399,41.2917118,,
,702,160431937,,,0,,,0,-92.6506305,41.3056631,,
,703,160432509,,,0,,,0,-92.673976,41.321352,,
,704,160432520,,,0,,,0,-92.6603044,41.3215283,,
,705,160432527,,,0,,,0,-92.6458826,41.3215238,,
,706,160432547,,,0,,,0,-92.641111,41.3216482,,
,708,160432700,,,0,,,0,-92.6224468,41.3318639,,
,709,160432702,,,0,,,0,-92.6192775,41.3330898,,
,710,160432706,,,0,,,0,-92.612883,41.3356784,,
,711,160432745,,,0,,,0,-92.6302975,41.2944657,,
,712,160432749,,,0,,,0,-92.6319039,41.2944553,,
,713,160432751,,,0,,,0,-92.6415235,41.2944026,,
,714,160432753,,,0,,,0,-92.6426801,41.2944142,,
,715,160433140,,,0,,,0,-92.6319179,41.2860821,,
,716,160433208,,,0,,,0,-92.6750499,41.3080262,,
,718,160433419,,,0,,,0,-92.6506408,41.3266854,,
,719,160433426,,,0,,,0,-92.6491038,41.325019,,
,720,160433434,,,0,,,0,-92.6427695,41.3109851,,
,721,160433440,,,0,,,0,-92.6762562,41.2925111,,
,722,160433472,,,0,,,0,-92.6474566,41.291716,,
,723,160433516,,,0,,,0,-92.6533371,41.2934727,,
,724,160433521,,,0,,,0,-92.6533322,41.2943649,,
,725,160433941,,,0,,,0,-92.6484497,41.3131905,,
,726,160433949,,,0,,,0,-92.6304343,41.2953103,,
,727,160433987,,,0,,,0,-92.6482321,41.3170485,,
,728,160434004,,,0,,,0,-92.698364,41.256485,,
,729,160434023,,,0,,,0,-92.693697,41.256078,,
,730,160434076,,,0,,,0,-92.6743531,41.256254,,
,731,160434078,,,0,,,0,-92.6648371,41.256309,,
,733,160434086,,,0,,,0,-92.63179,41.2562627,,
,734,160434124,,,0,,,0,-92.6421419,41.2815947,,
,735,160434142,,,0,,,0,-92.6426194,41.2815943,,
,736,160434144,,,0,,,0,-92.6426273,41.2824777,,
,737,160434151,,,0,,,0,-92.6426424,41.2865584,,
,738,160434152,,,0,,,0,-92.6426432,41.2869721,,
,739,160434154,,,0,,,0,-92.642674,41.2934993,,
,740,160434167,,,0,,,0,-92.6174114,41.2838812,,
,741,160434172,,,0,,,0,-92.6173972,41.2866316,,
,742,160434175,,,0,,,0,-92.6173896,41.2875189,,
,743,160434677,,,0,,,0,-92.6463481,41.3034802,,
,744,160434679,,,0,,,0,-92.6472666,41.3034684,,
,745,160434684,,,0,,,0,-92.6506297,41.3034942,,
,746,160434797,,,0,,,0,-92.6773254,41.2804521,,
,748,160434852,,,0,,,0,-92.6126569,41.3034755,,
,749,160435086,,,0,,,0,-92.6819961,41.2996746,,
,750,160435163,,,0,,,0,-92.6660101,41.2997495,,
,751,160435187,,,0,,,0,-92.6670083,41.303016,,
,752,160435388,,,0,,,0,-92.6297064,41.2961781,,
,753,160436217,,,0,,,0,-92.6319167,41.2935465,,
,754,160436219,,,0,,,0,-92.6415147,41.29351,,
,755,160436395,,,0,,,0,-92.617995,41.25872,,
,756,160436412,,,0,,,0,-92.6625422,41.3015435,,
,757,160436415,,,0,,,0,-92.662545,41.3034506,,
,758,160436422,,,0,,,0,-92.6624246,41.3060883,,
,759,160436432,,,0,,,0,-92.6276098,41.3028296,,
,760,160436433,,,0,,,0,-92.6271308,41.3028356,,
,761,160436634,,,0,,,0,-92.6333063,41.2962858,,
,762,160436636,,,0,,,0,-92.6333474,41.3022472,,
,763,160436646,,,0,,,0,-92.6078577,41.2813014,,
,764,160436666,,,0,,,0,-92.6203324,41.2844848,,
,765,160436669,,,0,,,0,-92.6216865,41.2848688,,
,766,160437161,traffic_signals,,1,,,0,-92.63189,41.2962902,,
,767,160437183,,,0,,,0,-92.6319374,41.2817539,,
,768,160437198,,,0,,,0,-92.6568468,41.2943764,,
,769,160437282,,,0,,,0,-92.6528333,41.2802871,,
,770,160437365,,,0,,,0,-92.566453,41.319434,,
,771,160437393,,,0,,,0,-92.6817448,41.2739517,,
,772,160437399,,,0,,,0,-92.6823037,41.2749574,,
,773,160437453,,,0,,,0,-92.6294833,41.272821,,
,774,160437470,turning_circle,,0,,,0,-92.6308125,41.2719175,,
,775,160437479,,,0,,,0,-92.651005,41.2962134,,
,776,160437484,,,0,,,0,-92.6510174,41.2978697,,
,777,160437485,,,0,,,0,-92.6509852,41.2993505,,
,778,160437487,,,0,,,0,-92.6509744,41.3011247,,
,779,160437495,,,0,,,0,-92.6506341,41.3011257,,
,780,160437509,,,0,,,0,-92.6506258,41.3104018,,
,781,160437788,,,0,,,0,-92.6791432,41.2759358,,
,782,160437877,,,0,,,0,-92.5407332,41.3004562,,
,783,160437879,,,0,,,0,-92.540902,41.313803,,
,784,160437936,,,0,,,0,-92.6306596,41.3034599,,
,785,160438169,,,0,,,0,-92.656929,41.2913127,,
,786,160438204,,,0,,,0,-92.6319179,41.2870628,,
,787,160438206,,,0,,,0,-92.6306911,41.287151,,
,788,160438215,,,0,,,0,-92.6216381,41.2871835,,
,789,160438217,,,0,,,0,-92.6203177,41.2871707,,
,790,160438288,,,0,,,0,-92.5551641,41.2968659,,
,791,160438342,,,0,,,0,-92.6556864,41.2962063,,
,792,160438344,,,0,,,0,-92.6556884,41.2993468,,
,793,160438350,,,0,,,0,-92.6556857,41.3011104,,
,794,160438357,,,0,,,0,-92.6557206,41.3061051,,
,795,160438674,,,0,,,0,-92.6463082,41.2962207,,
,796,160438676,,,0,,,0,-92.6463201,41.299377,,
,797,160438687,,,0,,,0,-92.6463139,41.2960161,,
,798,160438893,,,0,,,0,-92.579075,41.282029,,
,799,160438936,,,0,,,0,-92.6596848,41.2997578,,
,800,160439273,,,0,,,0,-92.5262747,41.2712486,,
,801,160439393,,,0,,,0,-92.6054987,41.2744777,,
,802,160439413,,,0,,,0,-92.6474647,41.2934827,,
,803,160439641,,,0,,,0,-92.6433047,41.3144331,,
,804,160439738,,,0,,,0,-92.6614319,41.2819865,,
,805,160439742,,,0,,,0,-92.6615062,41.2816543,,
,806,160439767,,,0,,,0,-92.6545206,41.2962104,,
,807,160439845,,,0,,,0,-92.6544999,41.3011117,,
,808,160439882,,,0,,,0,-92.6537749,41.3061224,,
,809,160439894,,,0,,,0,-92.6545371,41.3061126,,
,810,160440393,,,0,,,0,-92.6319177,41.2880263,,
,811,160440578,,,0,,,0,-92.6252083,41.3072643,,
,812,160440820,,,0,,,0,-92.6196005,41.2878979,,
,813,160440826,,,0,,,0,-92.6216306,41.2881584,,
,814,160440847,,,0,,,0,-92.6306876,41.2879885,,
,815,160440888,,,0,,,0,-92.6545056,41.2993488,,
,817,160441561,,,0,,,0,-92.550287,41.271066,,
,818,160441689,,,0,,,0,-92.5447714,41.2864014,,
,819,160441761,turning_circle,,0,,,0,-92.6416132,41.3173505,,
,820,160441885,,,0,,,0,-92.6700831,41.2924937,,
,824,160442092,,,0,,,0,-92.6199305,41.281756,,
,826,160442364,,,0,,,0,-92.6210305,41.311742,,
,828,352632333,,,0,,,0,-92.6878236,41.3145035,,
,829,352633824,,,0,,,0,-92.6951988,41.318003,,
,830,352637040,,,0,,,0,-92.6742953,41.2852325,,
,831,352638822,,,0,,,0,-92.6400791,41.2563152,,
,832,352641369,,,0,,,0,-92.6466834,41.264707,,
,833,352641383,,,0,,,0,-92.6725998,41.2850867,,
,834,352641735,,,0,,,0,-92.6728497,41.2849319,,
,835,352641885,,,0,,,0,-92.6418872,41.262689,,
,837,352642049,,,0,,,0,-92.6436027,41.2699941,,
,840,352642440,,,0,,,0,-92.6430219,41.2563239,,
,841,352642451,motorway_junction,,0,,,0,-92.6476975,41.2649751,,
,842,352642470,,,0,,,0,-92.6746537,41.3013932,,
,843,352642473,motorway_junction,,0,,,0,-92.6744744,41.2902566,,
,844,352642543,,,0,,,0,-92.6760621,41.296165,,
,845,352642546,,,0,,,0,-92.6748422,41.2902726,,
,846,352642550,motorway_junction,,0,,,0,-92.6750345,41.3019461,,
,847,998511493,,,0,,,0,-92.6884512,41.3140202,,
,848,998511512,,,0,,,0,-92.6882436,41.3142257,,
,849,998511546,,,0,,,0,-92.695407,41.3178032,,
,850,998511574,,,0,,,0,-92.6990969,41.3200697,,
,851,998511576,,,0,,,0,-92.6989311,41.3202832,,
,856,998511888,,,0,,,0,-92.6720232,41.2852923,,
,860,1230001872,,,0,,,0,-92.6435297,41.3136656,,
,861,1230001873,,,0,,,0,-92.6447256,41.3082588,,
,862,1230001876,,,0,,,0,-92.6439255,41.3157885,,
,863,1230001878,turning_circle,,0,,,0,-92.6477808,41.3140421,,
,864,1230001881,,,0,,,0,-92.6484647,41.3150017,,
,867,1851751781,,,0,,,0,-92.6599873,41.2984612,,
,868,1851751806,turning_circle,,0,,,0,-92.673611,41.2925917,,
,869,1936996886,,,0,,,0,-92.6474173,41.2869584,,
,870,1936996888,,,0,,,0,-92.6556802,41.2893145,,
,871,1936996938,turning_circle,,0,,,0,-92.6580342,41.2897865,,
,872,1936996962,,,0,,,0,-92.6556826,41.2900594,,
,873,2270936409,,,0,,,0,-92.6451009,41.2784806,,
,874,2270936434,turning_circle,,0,,,0,-92.6432133,41.2806987,,
,875,2270936444,turning_circle,,0,,,0,-92.6380689,41.272791,,
,877,2270936473,,,0,,,0,-92.6425599,41.2784589,,
,878,2270936483,crossing,,0,,,0,-92.6422502,41.280685,,
,879,2270936500,,,0,,,0,-92.6390935,41.2717326,,
,880,2270936504,,,0,,,0,-92.6425614,41.2778132,,
,881,2270936509,,,0,,,0,-92.6381308,41.2758737,,
,882,2270936510,,,0,,,0,-92.6030998,41.2744803,,
,883,2270936526,,,0,,,0,-92.6385421,41.2752912,,
,884,2270936532,,,0,,,0,-92.6078046,41.2744763,,
,885,2270936540,,,0,,,0,-92.6409424,41.2797284,,
,889,2271072072,,,0,,,0,-92.6724406,41.2860441,,
,890,2271072089,,,0,,,0,-92.6701896,41.2890885,,
,891,2271072091,,,0,,,0,-92.6895155,41.3155561,,
,892,2527457150,,,0,,,0,-92.535852,41.2947403,,
,893,2527457165,,,0,,,0,-92.5348336,41.3023023,,
,894,2527462501,,,0,,,0,-92.5413184,41.2919794,,
,895,2527462535,,,0,,,0,-92.5445161,41.2861959,,
,896,2575299897,,,0,,,0,-92.5338616,41.2603637,,
,897,2576078671,,,0,,,0,-92.6891936,41.3250218,,
,898,2586264134,,,0,,,0,-92.6690344,41.2997342,,
,899,3011818169,turning_circle,,0,,,0,-92.6508408,41.2802945,,
,900,3011818188,,,0,,,0,-92.6599973,41.2815826,,
,901,3011818216,crossing,,0,,,0,-92.655338,41.2827509,,
,902,3011818265,crossing,,0,,,0,-92.6543781,41.2852689,,
,903,3567035441,,,0,,,0,-92.667234,41.303892,,
,904,3567035453,,,0,,,0,-92.6668711,41.3042501,,
,905,3567035474,,,0,,,0,-92.6319235,41.3052575,,
,906,3567089347,turning_circle,,0,,,0,-92.6355331,41.2806971,,
,907,3567089374,,,0,,,0,-92.6367824,41.2870451,,
,908,3567089375,,,0,,,0,-92.6319155,41.2871592,,
,909,3567089377,,,0,,,0,-92.6319176,41.2879827,,
,910,3567089796,,,0,,,0,-92.6488583,41.2936675,,
,911,3567089800,,,0,,,0,-92.6486491,41.293687,,
,912,3567089809,,,0,,,0,-92.6633588,41.2952862,,
,913,3567089881,,,0,,,0,-92.6663497,41.3035627,,
,915,3567089894,,,0,,,0,-92.667081,41.3036113,,
,916,3567089899,,,0,,,0,-92.6673215,41.3036363,,
,917,3567089900,,,0,,,0,-92.6670349,41.3036374,,
,918,3567089913,,,0,,,0,-92.6673734,41.3037008,,
,919,3567089930,,,0,,,0,-92.666989,41.3037992,,
,920,3567089935,,,0,,,0,-92.6670068,41.3038262,,
,921,3567089945,,,0,,,0,-92.6672888,41.3038734,,
,922,3567119238,,,0,,,0,-92.6356433,41.3034717,,
,923,3567119240,,,0,,,0,-92.634497,41.3034845,,
,924,3567119245,turning_circle,,0,,,0,-92.6336608,41.3035821,,
,925,3567119249,,,0,,,0,-92.6314892,41.3037909,,
,926,3567119256,,,0,,,0,-92.6323732,41.3044481,,
,927,3567119262,,,0,,,0,-92.6336646,41.3046806,,
,928,3567119264,,,0,,,0,-92.6318316,41.3047243,,
,929,3567119266,,,0,,,0,-92.634261,41.3047552,,
,930,3567119272,,,0,,,0,-92.6337997,41.3048639,,
,931,3567119277,,,0,,,0,-92.6336443,41.3050479,,
,932,3567119289,,,0,,,0,-92.6335485,41.3056435,,
,933,3567119292,,,0,,,0,-92.6322759,41.3057118,,
,934,3567122001,,,0,,,0,-92.6480351,41.3308769,,
,937,3567124358,,,0,,,0,-92.650687,41.3175862,,
,938,3612522176,crossing,,0,,,0,-92.6545183,41.2889323,,
,939,3612522189,crossing,,0,,,0,-92.6600286,41.2892291,,
,940,3612523122,,,0,,,0,-92.6624498,41.308604,,
,941,3612523124,,,0,,,0,-92.6671593,41.3086235,,
,942,3612523126,,,0,,,0,-92.660229,41.3086833,,
,943,3612523140,,,0,,,0,-92.6625535,41.3093246,,
,944,3612523143,,,0,,,0,-92.6602496,41.309408,,
,945,3612523150,,,0,,,0,-92.6605973,41.3095979,,
,946,3612523169,,,0,,,0,-92.6631015,41.3104293,,
,947,3612523177,,,0,,,0,-92.6642651,41.31042,,
,948,3612523180,crossing,,0,,,0,-92.6671641,41.3104561,,
,949,3612523183,,,0,,,0,-92.6671649,41.310561,,
,950,3612523184,,,0,,,0,-92.6630532,41.3105856,,
,951,3612523186,,,0,,,0,-92.6620784,41.3105915,,
,952,3612523190,crossing,,0,,,0,-92.6601804,41.3108059,,
,953,3612525715,crossing,,0,,,0,-92.6661542,41.2925064,,
,954,3612525716,crossing,,0,,,0,-92.6661214,41.2926174,,
,959,3612525754,,,0,,,0,-92.6656337,41.2980239,,
,962,3612525798,,,0,,,0,-92.6664115,41.3028706,,
,963,3612525811,,,0,,,0,-92.666923,41.3039426,,
,964,3612525814,,,0,,,0,-92.6671529,41.3040365,,
,966,3612525820,,,0,,,0,-92.6680118,41.3046208,,
,967,3612525836,crossing,,0,,,0,-92.6626166,41.3052929,,
,968,3612525841,,,0,,,0,-92.6626181,41.3053936,,
,969,3612525842,,,0,,,0,-92.6624468,41.3053975,,
,972,3612525848,,,0,,,0,-92.653824,41.3061218,,
,973,3612525898,,,0,,,0,-92.6533283,41.3109644,,
,974,3616262681,,,0,,,0,-92.642495,41.3115615,,
,979,3616262915,,,0,,,0,-92.6486787,41.312291,,
,980,3616268925,,,0,,,0,-92.6408128,41.311489,,
,982,3616270172,,,0,,,0,-92.6504613,41.3121573,,
,983,3625544268,,,0,,,0,-92.658038,41.2957572,,
,984,3625544269,,,0,,,0,-92.6432416,41.2899623,,
,985,3625544270,,,0,,,0,-92.6432753,41.2944094,,
,986,3625544271,traffic_signals,,1,,,0,-92.6696849,41.2962332,0,
,987,3625544274,,,0,,,0,-92.6432578,41.290839,,
,988,3625544275,,,0,,,0,-92.6445077,41.2944016,,
,989,3625544277,,,0,,,0,-92.6432795,41.2953264,,
,990,3625544280,,,0,,,0,-92.6457522,41.2953136,,
,991,3625544288,,,0,,,0,-92.669685,41.2968697,,
,992,3625544290,,,0,,,0,-92.6562747,41.2966567,,
,993,3625548693,,,0,,,0,-92.6445077,41.2962357,,
,994,3625548694,,,0,,,0,-92.6556883,41.2966602,,
,995,3625548695,,,0,,,0,-92.6545235,41.2966642,,
,996,3625548696,,,0,,,0,-92.6562557,41.2970927,,
,997,3625548699,,,0,,,0,-92.645757,41.2944064,,
,998,3625548700,,,0,,,0,-92.6533367,41.2966763,,
,999,3625548704,,,0,,,0,-92.6444987,41.2934941,,
,1000,3625548705,,,0,,,0,-92.6432738,41.2917309,,
,1001,3625548706,,,0,,,0,-92.6723595,41.2966779,,
,1002,3625548707,,,0,,,0,-92.6432739,41.2926138,,
,1003,3625548709,,,0,,,0,-92.6781633,41.2958736,,
,1004,3625548710,,,0,,,0,-92.6574519,41.2962065,,
,1005,3625548714,,,0,,,0,-92.6651629,41.2962612,,
,1006,3625548718,,,0,,,0,-92.6592219,41.2957574,,
,1007,3625548719,,,0,,,0,-92.656293,41.2962052,,
,1008,3625548722,,,0,,,0,-92.6568609,41.296648,,
,1009,3625548723,,,0,,,0,-92.6444969,41.2926107,,
,1010,3625548728,,,0,,,0,-92.6445077,41.2953168,,
,1011,3625548731,,,0,,,0,-92.6432791,41.2962413,,
,1012,3625548732,,,0,,,0,-92.6444916,41.2917266,,
,1013,3625548733,,,0,,,0,-92.6629266,41.2961988,,
,1014,3625548734,,,0,,,0,-92.6457468,41.2962264,,
,1015,3625548739,,,0,,,0,-92.6432792,41.2934937,,
,1016,3625548740,,,0,,,0,-92.6776748,41.2961697,,
,1017,3625548743,,,0,,,0,-92.6574361,41.2970933,,
,1018,3625548747,,,0,,,0,-92.6444755,41.2908359,,
,1019,3633553105,,,0,,,0,-92.6229389,41.3140109,,
,1021,3745512396,turning_circle,,0,,,0,-92.6160333,41.3009269,,
,1022,3745512418,,,0,,,0,-92.6126553,41.300673,,
,1023,3745964013,,,0,,,0,-92.6497946,41.2869204,,
,1024,3745964020,turning_circle,,0,,,0,-92.6439632,41.2788492,,
,1025,3745976939,,,0,,,0,-92.6439696,41.2784694,,
,1026,4032214949,,,0,,,0,-92.6210965,41.3117007,,
,1027,4032214962,crossing,,0,,,0,-92.6169327,41.3035124,,
,1036,4041127904,,,0,,,0,-92.6237984,41.314281,,
,1037,4053066748,,,0,,,0,-92.6420624,41.2766754,,
,1038,4053066761,,,0,,,0,-92.6420071,41.280456,,
,1040,4053066788,,,0,,,0,-92.6439925,41.275808,,
,1043,4055474245,,,0,,,0,-92.6175088,41.311899,,
,1044,4201179218,,,0,,,0,-92.6445111,41.2984943,,
,1045,4201179225,,,0,,,0,-92.6450824,41.2888858,,
,1046,4201179228,,,0,,,0,-92.6445111,41.2971203,,
,1047,4201216141,,,0,,,0,-92.6404288,41.2563169,,
,1048,4201216185,,,0,,,0,-92.6422582,41.2815964,,
,1049,4201216341,,,0,,,0,-92.6440788,41.2772098,,
,1051,4201216356,,,0,,,0,-92.645366,41.2800035,,
,1052,4201216361,,,0,,,0,-92.6432935,41.2784627,,
,1053,4201216372,,,0,,,0,-92.6440392,41.2784701,,
,1054,4201216387,,,0,,,0,-92.6483669,41.3131719,,
,1055,4201216401,turning_circle,,0,,,0,-92.6439929,41.2808663,,
,1057,4201216427,,,0,,,0,-92.640084,41.2566781,,
,1058,4201216428,,,0,,,0,-92.643317,41.2772058,,
,1059,4201235051,,,0,,,0,-92.6456371,41.3103766,,
,1060,4201235070,,,0,,,0,-92.6506317,41.3102273,,
,1061,4201235088,,,0,,,0,-92.6488778,41.3062123,,
,1062,4201235613,,,0,,,0,-92.6488993,41.3077411,,
,1063,4201235621,,,0,,,0,-92.6506749,41.317347,,
,1064,4201258803,turning_circle,,0,,,0,-92.6245968,41.2968252,,
,1065,4201258809,,,0,,,0,-92.625601,41.2845024,,
,1066,4201258816,,,0,,,0,-92.6227423,41.2962122,,
,1067,4201258840,,,0,,,0,-92.6166624,41.296182,,
,1068,4201258847,,,0,,,0,-92.6232965,41.2958853,,
,1070,4201258854,,,0,,,0,-92.6250234,41.2959583,,
,1072,4201267991,,,0,,,0,-92.6126272,41.2742668,,
,1073,4201268009,,,0,,,0,-92.6126313,41.2717102,,
,1074,4201325386,,,0,,,0,-92.664786,41.2962589,,
,1076,4201327301,,,0,,,0,-92.6652006,41.2965414,,
,1077,4201327306,,,0,,,0,-92.6656309,41.2962582,,
,1078,4201327330,,,0,,,0,-92.6678107,41.296642,,
,1079,4201327347,,,0,,,0,-92.6653284,41.2965852,,
,1080,4201327349,,,0,,,0,-92.6652204,41.2962609,,
,1081,4201427679,,,0,,,0,-92.6527026,41.3011215,,
,1082,4201429493,,,0,,,0,-92.6538184,41.3033688,,
,1083,4201429506,,,0,,,0,-92.653139,41.3050896,,
,1084,4201429537,,,0,,,0,-92.6539203,41.301116,,
,1085,4201429567,turning_circle,,0,,,0,-92.6284469,41.3025306,,
,1086,4201429581,,,0,,,0,-92.6531371,41.3037476,,
,1087,4201429587,,,0,,,0,-92.6536433,41.303526,,
,1088,4203362609,,,0,,,0,-92.6457495,41.2957711,,
,1089,4203362610,,,0,,,0,-92.6451031,41.2939312,,
,1090,4203362612,,,0,,,0,-92.643282,41.2957934,,
,1091,4203362613,,,0,,,0,-92.645117,41.295777,,
,1092,4203362614,,,0,,,0,-92.6432773,41.2939332,,
,1093,4203362617,,,0,,,0,-92.6438928,41.2957912,,
,1094,4203362618,,,0,,,0,-92.6438763,41.2939312,,
,1095,4203362621,,,0,,,0,-92.6445077,41.2957872,,
,1096,4203362622,,,0,,,0,-92.6426846,41.2957912,,
,1097,4203362623,,,0,,,0,-92.644503,41.2939312,,
,1098,4203362624,,,0,,,0,-92.6415281,41.2957993,,
,1099,4203362626,,,0,,,0,-92.6463135,41.2957671,,
,1100,4203400090,,,0,,,0,-92.6474586,41.2921578,,
,1101,4203400091,,,0,,,0,-92.6368169,41.2922021,,
,1102,4203400092,,,0,,,0,-92.6373998,41.2921981,,
,1103,4203400093,,,0,,,0,-92.6356408,41.2930949,,
,1104,4203400094,,,0,,,0,-92.6420964,41.2957953,,
,1105,4203400095,,,0,,,0,-92.64572,41.2926104,,
,1106,4203400096,,,0,,,0,-92.6385612,41.2899752,,
,1107,4203400097,,,0,,,0,-92.6462872,41.2930364,,
,1108,4203400098,,,0,,,0,-92.6385746,41.2917556,,
,1109,4203400099,,,0,,,0,-92.6468841,41.2926082,,
,1110,4203400100,,,0,,,0,-92.6480643,41.2917138,,
,1111,4203400101,,,0,,,0,-92.6426593,41.2912973,,
,1112,4203400102,,,0,,,0,-92.6432814,41.2948662,,
,1113,4203400103,,,0,,,0,-92.6373837,41.2899797,,
,1114,4203400104,,,0,,,0,-92.6374078,41.2939735,,
,1115,4203400105,,,0,,,0,-92.6415281,41.2948663,,
,1116,4203400106,,,0,,,0,-92.6421471,41.2899606,,
,1117,4203400107,,,0,,,0,-92.6468734,41.2921598,,
,1118,4203400109,,,0,,,0,-92.6374025,41.2935329,,
,1119,4203400110,,,0,,,0,-92.6374186,41.2953568,,
,1120,4203400111,,,0,,,0,-92.6379916,41.292194,,
,1121,4203400112,,,0,,,0,-92.6462822,41.2912791,,
,1122,4203400113,,,0,,,0,-92.6426711,41.2930586,,
,1123,4203400114,,,0,,,0,-92.646871,41.2912763,,
,1124,4203400115,,,0,,,0,-92.6391661,41.2921941,,
,1125,4203400116,,,0,,,0,-92.6420829,41.2926246,,
,1126,4203400119,,,0,,,0,-92.6414928,41.2912972,,
,1127,4203400120,,,0,,,0,-92.6426651,41.2921719,,
,1128,4203400121,,,0,,,0,-92.6468841,41.2934879,,
,1129,4203400122,,,0,,,0,-92.637993,41.2930929,,
,1130,4203400123,,,0,,,0,-92.6498178,41.2921517,,
,1131,4203400124,,,0,,,0,-92.6397655,41.2926357,,
,1132,4203400125,,,0,,,0,-92.649223,41.2921517,,
,1133,4203400126,,,0,,,0,-92.6385746,41.292192,,
,1134,4203400127,,,0,,,0,-92.6438866,41.2948622,,
,1135,4203400128,,,0,,,0,-92.6444835,41.2912811,,
,1136,4203400129,,,0,,,0,-92.6457176,41.292163,,
,1137,4203400130,,,0,,,0,-92.6373891,41.29087,,
,1138,4203400131,,,0,,,0,-92.6409322,41.2962522,,
,1139,4203400132,,,0,,,0,-92.6397575,41.2917485,,
,1140,4203400133,,,0,,,0,-92.6409081,41.2908538,,
,1141,4203400135,,,0,,,0,-92.6374025,41.2930909,,
,1142,4203400136,,,0,,,0,-92.6403585,41.2957449,,
,1143,4203400137,,,0,,,0,-92.6426755,41.2939498,,
,1144,4203400138,,,0,,,0,-92.6409338,41.2957449,,
,1145,4203400139,,,0,,,0,-92.6397548,41.2935215,,
,1146,4203400140,,,0,,,0,-92.6450887,41.2912771,,
,1147,4203400141,,,0,,,0,-92.6385773,41.2953495,,
,1148,4203400142,,,0,,,0,-92.6397414,41.2908579,,
,1149,4203400143,,,0,,,0,-92.6438709,41.2912831,,
,1150,4203400144,,,0,,,0,-92.6420939,41.2908481,,
,1151,4203400145,,,0,,,0,-92.6415015,41.2921759,,
,1152,4203400147,,,0,,,0,-92.638572,41.2908649,,
,1153,4203400148,,,0,,,0,-92.640935,41.2953377,,
,1154,4203400149,,,0,,,0,-92.6368253,41.2930929,,
,1155,4203400150,,,0,,,0,-92.6432738,41.2921699,,
,1156,4203400151,,,0,,,0,-92.6420816,41.2930606,,
,1157,4203400152,,,0,,,0,-92.6480616,41.292606,,
,1158,4203400153,,,0,,,0,-92.6432766,41.2930606,,
,1159,4203400154,,,0,,,0,-92.6409336,41.2957973,,
,1160,4203400155,,,0,,,0,-92.6504595,41.2917066,,
,1161,4203400156,,,0,,,0,-92.6468707,41.2917181,,
,1162,4203400157,,,0,,,0,-92.6396153,41.2953419,,
,1163,4203400158,,,0,,,0,-92.6492257,41.2926038,,
,1164,4203400159,,,0,,,0,-92.6409189,41.2935135,,
,1165,4203400160,,,0,,,0,-92.6426832,41.2948683,,
,1166,4203400161,,,0,,,0,-92.6420857,41.2944082,,
,1167,4203400162,,,0,,,0,-92.6409269,41.2944053,,
,1168,4203400163,,,0,,,0,-92.6368296,41.2949005,,
,1169,4203400164,,,0,,,0,-92.6420829,41.2917361,,
,1170,4203400165,,,0,,,0,-92.6498082,41.2912509,,
,1171,4203400166,,,0,,,0,-92.649223,41.2917097,,
,1172,4203400168,,,0,,,0,-92.6474546,41.2912751,,
,1173,4203400170,,,0,,,0,-92.6373971,41.2917611,,
,1174,4203400171,,,0,,,0,-92.6504488,41.2908212,,
,1175,4203400172,,,0,,,0,-92.6451048,41.2930123,,
,1176,4203400173,,,0,,,0,-92.6486378,41.291267,,
,1177,4203400174,,,0,,,0,-92.6444978,41.2930546,,
,1178,4203400175,,,0,,,0,-92.6421524,41.2894385,,
,1179,4203400176,,,0,,,0,-92.6420964,41.2953346,,
,1180,4203400177,,,0,,,0,-92.6438727,41.2921699,,
,1181,4203400178,,,0,,,0,-92.6374025,41.2926396,,
,1182,4203400181,,,0,,,0,-92.6409135,41.2926319,,
,1183,4203400182,,,0,,,0,-92.6492233,41.2912602,,
,1184,4203400183,,,0,,,0,-92.6474627,41.2930425,,
,1185,4203400184,,,0,,,0,-92.6420803,41.2935048,,
,1186,4203400185,,,0,,,0,-92.6432659,41.2912912,,
,1187,4203400186,,,0,,,0,-92.6380064,41.2939592,,
,1188,4203400187,,,0,,,0,-92.638588,41.2962606,,
,1189,4203400188,,,0,,,0,-92.6385853,41.2935298,,
,1190,4203400689,,,0,,,0,-92.6368101,41.2913214,,
,1191,4203400690,,,0,,,0,-92.6385746,41.2926413,,
,1192,4203400691,,,0,,,0,-92.6395644,41.2962563,,
,1193,4203400692,,,0,,,0,-92.6373931,41.2913194,,
,1194,4203400693,,,0,,,0,-92.6415103,41.2930646,,
,1195,4203400694,,,0,,,0,-92.6409189,41.2930687,,
,1196,4203400695,,,0,,,0,-92.6409055,41.2917399,,
,1197,4203400696,,,0,,,0,-92.6420964,41.2962479,,
,1198,4203400698,,,0,,,0,-92.6415194,41.2939516,,
,1199,4203400700,,,0,,,0,-92.645097,41.2921699,,
,1200,4203400701,,,0,,,0,-92.6408813,41.2899746,,
,1201,4203400702,,,0,,,0,-92.6362438,41.2930888,,
,1202,4203400703,,,0,,,0,-92.64387,41.2930546,,
,1203,4203400704,,,0,,,0,-92.6462871,41.2930143,,
,1204,4203400705,,,0,,,0,-92.6462847,41.2921618,,
,1205,4203400706,,,0,,,0,-92.6444943,41.2921699,,
,1206,4203400707,,,0,,,0,-92.642091,41.2948703,,
,1207,4203400708,,,0,,,0,-92.6457042,41.2912743,,
,1208,4203400710,,,0,,,0,-92.6374132,41.2944254,,
,1209,4203400711,,,0,,,0,-92.6486419,41.2921517,,
,1210,4203400712,,,0,,,0,-92.642083,41.2939507,,
,1211,4203400713,,,0,,,0,-92.6397333,41.2899784,,
,1212,4203400714,,,0,,,0,-92.6480619,41.2912662,,
,1213,4203400715,,,0,,,0,-92.6420829,41.2921779,,
,1214,4203400716,,,0,,,0,-92.6457066,41.2917224,,
,1215,4203400717,,,0,,,0,-92.636828,41.2939776,,
,1216,4203400718,,,0,,,0,-92.6468841,41.2930385,,
,1217,4203400719,,,0,,,0,-92.6480643,41.2921547,,
,1218,4203410703,,,0,,,0,-92.6329983,41.2908833,,
,1219,4203410712,,,0,,,0,-92.6368015,41.2904266,,
,1220,4203410713,,,0,,,0,-92.6344568,41.2904387,,
,1221,4203410714,,,0,,,0,-92.6365951,41.2939796,,
,1223,4203410717,,,0,,,0,-92.6408087,41.286984,,
,1224,4203410718,,,0,,,0,-92.6362411,41.2935344,,
,1225,4203410720,,,0,,,0,-92.6350609,41.2935414,,
,1226,4203410723,,,0,,,0,-92.6358898,41.2944294,,
,1227,4203410725,,,0,,,0,-92.6344734,41.2939997,,
,1228,4203410728,,,0,,,0,-92.6350717,41.2930998,,
,1229,4203410729,,,0,,,0,-92.6363779,41.2931006,,
,1230,4203410731,,,0,,,0,-92.6359595,41.2949348,,
,1231,4203410732,,,0,,,0,-92.6362303,41.2926459,,
,1232,4203410734,,,0,,,0,-92.6365953,41.2930985,,
,1233,4203410738,,,0,,,0,-92.6350448,41.2899879,,
,1234,4203410739,,,0,,,0,-92.6356439,41.2904367,,
,1235,4203410741,,,0,,,0,-92.636386,41.2939813,,
,1236,4203410744,,,0,,,0,-92.6358844,41.2939856,,
,1237,4203410746,,,0,,,0,-92.6350502,41.2908788,,
,1238,4203410748,,,0,,,0,-92.6356485,41.2939877,,
,1239,4203410750,,,0,,,0,-92.6350529,41.2926579,,
,1240,4203410751,,,0,,,0,-92.6344723,41.293105,,
,1241,4203410752,,,0,,,0,-92.6350475,41.2904377,,
,1242,4203410753,,,0,,,0,-92.6408735,41.2865502,,
,1243,4203410754,,,0,,,0,-92.6365952,41.2935332,,
,1244,4203410755,,,0,,,0,-92.6363832,41.2935339,,
,1245,4203608889,,,0,,,0,-92.646863,41.2893677,,
,1246,4203608893,,,0,,,0,-92.6527536,41.2957733,,
,1247,4203608894,,,0,,,0,-92.6527576,41.2953076,,
,1248,4203608896,,,0,,,0,-92.6492225,41.2908235,,
,1249,4203608897,,,0,,,0,-92.6505502,41.2962139,,
,1250,4203608903,,,0,,,0,-92.6505495,41.2957779,,
,1251,4203608904,,,0,,,0,-92.6504993,41.2898124,,
,1252,4203608905,,,0,,,0,-92.6510069,41.2957779,,
,1253,4203608909,,,0,,,0,-92.6572986,41.2943758,,
,1254,4203608910,,,0,,,0,-92.652755,41.2962076,,
,1255,4203608912,,,0,,,0,-92.6586237,41.2943727,,
,1256,4203608913,,,0,,,0,-92.658621,41.2962054,,
,1257,4203608915,,,0,,,0,-92.652239,41.2902964,,
,1258,4203608916,,,0,,,0,-92.6586263,41.2957573,,
,1259,4203608925,,,0,,,0,-92.6533446,41.2957779,,
,1260,4203608933,,,0,,,0,-92.6505556,41.2953071,,
,1261,4203608935,,,0,,,0,-92.6574542,41.295294,,
,1262,4203608938,,,0,,,0,-92.6492118,41.2898187,,
,1263,4203608939,,,0,,,0,-92.6480504,41.2908273,,
,1264,4203608943,,,0,,,0,-92.6457061,41.2908351,,
,1265,4203608944,,,0,,,0,-92.6520726,41.29152,,
,1266,4203608946,,,0,,,0,-92.6574435,41.2943756,,
,1267,4203608948,,,0,,,0,-92.6498348,41.2957739,,
,1268,4203608950,,,0,,,0,-92.647455,41.2894258,,
,1269,4203608951,,,0,,,0,-92.645682,41.2898401,,
,1270,4203608954,,,0,,,0,-92.6586317,41.2952938,,
,1271,4203608960,,,0,,,0,-92.6468756,41.2908312,,
,1272,4203608965,,,0,,,0,-92.6468675,41.2898329,,
,1273,4203775689,,,0,,,0,-92.6545049,41.2930312,,
,1275,4203775703,,,0,,,0,-92.6522346,41.2887607,,
,1277,4203775711,,,0,,,0,-92.6545105,41.2939098,,
,1278,4203775721,,,0,,,0,-92.65511,41.2953087,,
,1279,4203775726,,,0,,,0,-92.6531285,41.2916753,,
,1280,4203775728,,,0,,,0,-92.6550885,41.2934675,,
,1281,4203775730,,,0,,,0,-92.6545051,41.2912619,,
,1282,4203775731,,,0,,,0,-92.6533426,41.2930372,,
,1284,4203775747,,,0,,,0,-92.6556738,41.2939199,,
,1286,4203775751,,,0,,,0,-92.6581703,41.2934655,,
,1287,4203775769,,,0,,,0,-92.6550992,41.2943668,,
,1288,4203775779,,,0,,,0,-92.6550885,41.2925838,,
,1289,4203775780,,,0,,,0,-92.6550939,41.2939148,,
,1290,4203775782,,,0,,,0,-92.658187,41.292717,,
,1291,4203793085,,,0,,,0,-92.652189,41.2743641,,
,1292,4203795190,,,0,,,0,-92.651658,41.2762301,,
,1293,4206305304,,,0,,,0,-92.6468282,41.288038,,
,1294,4206305313,,,0,,,0,-92.6456769,41.2880453,,
,1295,4206305314,,,0,,,0,-92.6480083,41.2880297,,
,1296,4206305329,,,0,,,0,-92.6474451,41.2887889,,
,1297,4206305330,,,0,,,0,-92.6480107,41.2873741,,
,1299,4206305335,,,0,,,0,-92.6497916,41.2887285,,
,1300,4206305338,,,0,,,0,-92.649218,41.2880283,,
,1301,4206305341,,,0,,,0,-92.6479949,41.2887784,,
,1302,4206305343,,,0,,,0,-92.6491212,41.2875297,,
,1303,4206305357,,,0,,,0,-92.6492135,41.2887203,,
,1304,4206305358,,,0,,,0,-92.6486228,41.2887527,,
,1305,4206321299,,,0,,,0,-92.643775,41.28475,,
,1306,4206321300,,,0,,,0,-92.6432108,41.2824769,,
,1307,4206321308,,,0,,,0,-92.645082,41.2852278,,
,1308,4206321313,,,0,,,0,-92.6450808,41.284752,,
,1309,4206321317,,,0,,,0,-92.6444383,41.2876337,,
,1310,4206321332,,,0,,,0,-92.6450632,41.2842942,,
,1311,4206321334,,,0,,,0,-92.6452059,41.2870191,,
,1312,4206321341,,,0,,,0,-92.6432045,41.2833952,,
,1313,4208118324,,,0,,,0,-92.6367839,41.2873564,,
,1314,4208118325,,,0,,,0,-92.636789,41.2884871,,
,1315,4208118327,,,0,,,0,-92.6403214,41.2885939,,
,1316,4208118328,,,0,,,0,-92.634434,41.288471,,
,1317,4208118332,,,0,,,0,-92.6350923,41.2865805,,
,1318,4208118334,,,0,,,0,-92.6367847,41.2875177,,
,1319,4208118340,,,0,,,0,-92.6344179,41.2889726,,
,1320,4208118346,,,0,,,0,-92.6357204,41.2875186,,
,1321,4208118350,,,0,,,0,-92.6344072,41.2860684,,
,1322,4208118355,,,0,,,0,-92.6357161,41.287049,,
,1323,4208118362,,,0,,,0,-92.6343937,41.2870537,,
,1324,4208118368,,,0,,,0,-92.6357214,41.2880081,,
,1325,4208118372,,,0,,,0,-92.6403079,41.2873484,,
,1326,4208118373,,,0,,,0,-92.635102,41.288481,,
,1327,4208118376,,,0,,,0,-92.6357214,41.2860612,,
,1328,4208118377,,,0,,,0,-92.6344095,41.2866025,,
,1329,4208118379,,,0,,,0,-92.6344099,41.2880144,,
,1330,4208121491,,,0,,,0,-92.6332967,41.2880197,,
,1331,4208121500,,,0,,,0,-92.6319219,41.2904521,,
,1332,4208121501,,,0,,,0,-92.6332511,41.2860748,,
,1333,4208121512,,,0,,,0,-92.628627,41.2898636,,
,1334,4208121514,,,0,,,0,-92.6304536,41.2904359,,
,1335,4208121525,,,0,,,0,-92.6312958,41.2879856,,
,1336,4208121526,,,0,,,0,-92.6313092,41.2871551,,
,1337,4208121534,,,0,,,0,-92.6319158,41.2884911,,
,1338,4208121538,,,0,,,0,-92.6306789,41.2904541,,
,1339,4208121540,,,0,,,0,-92.6299231,41.290599,,
,1340,4208121542,,,0,,,0,-92.6333129,41.2889748,,
,1341,4208121557,,,0,,,0,-92.6332967,41.288481,,
,1342,4208121579,,,0,,,0,-92.6313065,41.2889728,,
,1343,4208121580,,,0,,,0,-92.6332968,41.2870578,,
,1344,4208139706,,,0,,,0,-92.6179599,41.2952887,,
,1345,4208139715,,,0,,,0,-92.6209854,41.2854524,,
,1346,4208139716,,,0,,,0,-92.6373978,41.2887153,,
,1347,4208139724,,,0,,,0,-92.6174927,41.295466,,
,1348,4208139753,,,0,,,0,-92.6210326,41.2846787,,
,1349,4208139762,,,0,,,0,-92.6222997,41.287184,,
,1350,4208139765,,,0,,,0,-92.6222863,41.2877031,,
,1351,4208139775,,,0,,,0,-92.623554,41.2853941,,
,1352,4208145801,,,0,,,0,-92.6180963,41.2922939,,
,1353,4208145836,,,0,,,0,-92.6176242,41.29549,,
,1354,4208145852,,,0,,,0,-92.6165835,41.294291,,
,1355,4208145862,,,0,,,0,-92.6223211,41.2850408,,
,1356,4208145873,,,0,,,0,-92.6232948,41.2871792,,
,1357,4208145876,,,0,,,0,-92.6391434,41.289539,,
,1358,4208145879,,,0,,,0,-92.622289,41.2881703,,
,1359,4208145892,,,0,,,0,-92.6403397,41.2894725,,
,1360,4208145894,,,0,,,0,-92.6163961,41.2942529,,
,1361,4208145929,,,0,,,0,-92.6181883,41.2920402,,
,1362,4208145931,,,0,,,0,-92.6209854,41.2871818,,
,1363,4208145933,,,0,,,0,-92.63679,41.2887209,,
,1364,4208145944,,,0,,,0,-92.6216342,41.287687,,
,1365,4208145953,,,0,,,0,-92.6170797,41.2939484,,
,1366,4208170443,,,0,,,0,-92.6182603,41.2840127,,
,1367,4208170450,,,0,,,0,-92.6196604,41.2854476,,
,1368,4208170469,,,0,,,0,-92.6196427,41.2870131,,
,1369,4208170470,,,0,,,0,-92.6181956,41.2874008,,
,1370,4208170486,,,0,,,0,-92.6157122,41.2866237,,
,1371,4208172914,,,0,,,0,-92.6181905,41.2866324,,
,1372,4208172926,,,0,,,0,-92.6189832,41.2873746,,
,1373,4208172927,,,0,,,0,-92.6173935,41.2862076,,
,1374,4208172960,,,0,,,0,-92.6181986,41.2854423,,
,1375,4208172984,,,0,,,0,-92.6173883,41.2873907,,
,1376,4208223565,,,0,,,0,-92.634521,41.3008182,,
,1377,4208223567,,,0,,,0,-92.6433829,41.2999996,,
,1378,4208223571,,,0,,,0,-92.6421394,41.3016643,,
,1379,4208223573,,,0,,,0,-92.6339564,41.2962784,,
,1380,4208223577,,,0,,,0,-92.629429,41.3034498,,
,1381,4208223586,,,0,,,0,-92.6294366,41.3038404,,
,1382,4208223889,,,0,,,0,-92.6286266,41.3066109,,
,1383,4208223895,,,0,,,0,-92.6300039,41.3069471,,
,1384,4208223902,,,0,,,0,-92.6306226,41.3060711,,
,1385,4208223904,,,0,,,0,-92.635102,41.2971579,,
,1386,4208223905,,,0,,,0,-92.6451242,41.2966731,,
,1387,4208223907,,,0,,,0,-92.6403636,41.2966953,,
,1388,4208223909,,,0,,,0,-92.6333173,41.2967357,,
,1389,4208223916,,,0,,,0,-92.6302176,41.3069456,,
,1390,4208223922,,,0,,,0,-92.6339358,41.3008157,,
,1391,4208223933,,,0,,,0,-92.6328244,41.3064667,,
,1392,4208223935,,,0,,,0,-92.6432821,41.3004976,,
,1393,4208223939,,,0,,,0,-92.633932,41.3003162,,
,1394,4208223949,,,0,,,0,-92.6432809,41.2966852,,
,1395,4208223950,,,0,,,0,-92.633342,41.3017833,,
,1396,4208223955,,,0,,,0,-92.6325023,41.3065875,,
,1397,4208223966,,,0,,,0,-92.6451648,41.3023373,,
,1398,4208223968,,,0,,,0,-92.6412763,41.2992876,,
,1399,4208223970,,,0,,,0,-92.6397716,41.2962559,,
,1400,4208223978,,,0,,,0,-92.6350858,41.2962698,,
,1401,4208223982,,,0,,,0,-92.6445094,41.2966731,,
,1402,4208223984,,,0,,,0,-92.640941,41.2966909,,
,1403,4208223986,,,0,,,0,-92.6301907,41.3056802,,
,1404,4208223989,,,0,,,0,-92.6426882,41.2966832,,
,1405,4208223992,,,0,,,0,-92.6333391,41.3008121,,
,1406,4208223994,,,0,,,0,-92.6339588,41.2967374,,
,1407,4208223999,,,0,,,0,-92.6438995,41.2966792,,
,1408,4208224000,,,0,,,0,-92.6409518,41.3003446,,
,1409,4208224001,,,0,,,0,-92.6398092,41.3003451,,
,1410,4208224006,,,0,,,0,-92.6397716,41.2985028,,
,1411,4208224011,,,0,,,0,-92.6439229,41.3023355,,
,1412,4208224014,,,0,,,0,-92.6432826,41.2971213,,
,1413,4208224017,,,0,,,0,-92.6444949,41.3007615,,
,1414,4208224018,,,0,,,0,-92.6293811,41.3069778,,
,1415,4208224020,,,0,,,0,-92.6409491,41.2992887,,
,1416,4208224026,,,0,,,0,-92.6345259,41.3018116,,
,1417,4208224031,,,0,,,0,-92.6380267,41.2989966,,
,1418,4208224035,,,0,,,0,-92.6451212,41.2995587,,
,1419,4208224039,,,0,,,0,-92.6433286,41.3016841,,
,1420,4208224040,,,0,,,0,-92.6386075,41.297149,,
,1421,4208224043,,,0,,,0,-92.6397796,41.297144,,
,1422,4208224052,,,0,,,0,-92.6391896,41.2989925,,
,1423,4208224053,,,0,,,0,-92.6420992,41.296687,,
,1424,4208224059,,,0,,,0,-92.6339619,41.2971514,,
,1425,4208224060,,,0,,,0,-92.6421159,41.2971314,,
,1426,4208224061,,,0,,,0,-92.6294534,41.3042309,,
,1427,4208224062,,,0,,,0,-92.6409357,41.2971369,,
,1428,4208224065,,,0,,,0,-92.6338971,41.3017872,,
,1429,4208224067,,,0,,,0,-92.6409544,41.3016631,,
,1430,4208224069,,,0,,,0,-92.6403685,41.2992867,,
,1431,4208224071,,,0,,,0,-92.6397791,41.296683,,
,1432,4208224073,,,0,,,0,-92.6350187,41.3045741,,
,1433,4208224074,,,0,,,0,-92.630529,41.3041181,,
,1434,4208224079,,,0,,,0,-92.6415317,41.2992867,,
,1435,4208224084,,,0,,,0,-92.6409464,41.2984984,,
,1436,4208224085,,,0,,,0,-92.6415323,41.2986923,,
,1437,4208224090,,,0,,,0,-92.6415256,41.2966864,,
,1438,4208224094,,,0,,,0,-92.641338,41.2992874,,
,1439,4208224097,,,0,,,0,-92.6410724,41.2992883,,
,1440,4208224101,,,0,,,0,-92.6434462,41.2984968,,
,1441,4208224104,,,0,,,0,-92.632838,41.3034007,,
,1442,4208246939,,,0,,,0,-92.6356733,41.3042462,,
,1443,4208246940,,,0,,,0,-92.6355981,41.3052773,,
,1444,4208246942,,,0,,,0,-92.6366007,41.3048441,,
,1445,4208246949,,,0,,,0,-92.6365929,41.3062968,,
,1446,4208246956,,,0,,,0,-92.6355203,41.3048985,,
,1447,4208246959,,,0,,,0,-92.6352467,41.3048783,,
,1448,4208246964,,,0,,,0,-92.6353584,41.3060949,,
,1449,4208247290,,,0,,,0,-92.6351689,41.3053317,,
,1450,4208247292,,,0,,,0,-92.635244,41.3044451,,
,1451,4208247294,,,0,,,0,-92.6353728,41.305515,,
,1452,4208247299,,,0,,,0,-92.6361238,41.3063028,,
,1453,4208247301,,,0,,,0,-92.6352735,41.3054928,,
,1454,4208247308,,,0,,,0,-92.6356681,41.3061011,,
,1455,4208247318,,,0,,,0,-92.6354881,41.3054928,,
,1456,4208247323,,,0,,,0,-92.6356236,41.3055022,,
,1457,4208247326,,,0,,,0,-92.6352789,41.306603,,
,1458,4208247331,,,0,,,0,-92.6365974,41.3057286,,
,1459,4208247340,,,0,,,0,-92.6356034,41.3052027,,
,1460,4208247347,,,0,,,0,-92.6352038,41.3034804,,
,1461,4208247348,,,0,,,0,-92.6349652,41.3055472,,
,1462,4208247351,,,0,,,0,-92.6351019,41.3054828,,
,1463,4208247354,,,0,,,0,-92.6342711,41.3055352,,
,1464,4208247362,,,0,,,0,-92.6353406,41.3066111,,
,1465,4208247368,,,0,,,0,-92.6356517,41.3045015,,
,1466,4208268931,,,0,,,0,-92.6417143,41.311516,,
,1467,4208268940,,,0,,,0,-92.6380255,41.3027505,,
,1468,4208268949,,,0,,,0,-92.6416086,41.3110474,,
,1469,4208307853,,,0,,,0,-92.6495193,41.3105016,,
,1470,4208307872,,,0,,,0,-92.6495187,41.3103271,,
,1471,4208308140,,,0,,,0,-92.6501941,41.3109971,,
,1472,4208308141,,,0,,,0,-92.6481288,41.3108439,,
,1473,4208308144,,,0,,,0,-92.6501946,41.3103246,,
,1474,4208308163,,,0,,,0,-92.646203,41.3108359,,
,1475,4208308182,,,0,,,0,-92.6501945,41.3105016,,
,1476,4208308183,,,0,,,0,-92.6489608,41.3105057,,
,1477,4208308592,,,0,,,0,-92.650355,41.311433,,
,1478,4208308597,,,0,,,0,-92.6456567,41.3108442,,
,1479,4208322855,,,0,,,0,-92.6602441,41.312287,,
,1480,4208327098,,,0,,,0,-92.658102,41.3106819,,
,1482,4208327115,crossing,,0,,,0,-92.6602381,41.3119161,,
,1483,4208327120,,,0,,,0,-92.659945,41.3108208,,
,1485,4208327136,,,0,,,0,-92.6505916,41.3121636,,
,1486,4208327145,,,0,,,0,-92.6524076,41.310265,,
,1488,4208327153,,,0,,,0,-92.6524901,41.3111421,,
,1490,4208327159,,,0,,,0,-92.6526049,41.3111159,,
,1491,4208327167,,,0,,,0,-92.6601495,41.3128102,,
,1492,4208354097,,,0,,,0,-92.6513797,41.3101549,,
,1493,4208354110,,,0,,,0,-92.6506505,41.3096715,,
,1494,4208354117,,,0,,,0,-92.6507735,41.3097278,,
,1495,4208354145,,,0,,,0,-92.6507976,41.3101408,,
,1496,4208354152,,,0,,,0,-92.6517873,41.3097117,,
,1497,4208354173,,,0,,,0,-92.6513367,41.3097217,,
,1498,4208395004,,,0,,,0,-92.6475017,41.2966671,,
,1499,4208395007,,,0,,,0,-92.6480918,41.2993677,,
,1500,4208395009,,,0,,,0,-92.6492505,41.2984751,,
,1501,4208395010,,,0,,,0,-92.6480805,41.2975455,,
,1502,4208395012,,,0,,,0,-92.6463253,41.3012091,,
,1503,4208395014,,,0,,,0,-92.6463056,41.2966832,,
,1504,4208395015,,,0,,,0,-92.6469492,41.300758,,
,1505,4208395017,,,0,,,0,-92.6515653,41.2993517,,
,1506,4208395018,,,0,,,0,-92.6505326,41.2970953,,
,1507,4208395022,,,0,,,0,-92.6469143,41.2993748,,
,1508,4208395023,,,0,,,0,-92.6515705,41.2984662,,
,1509,4208395027,,,0,,,0,-92.6481079,41.3034705,,
,1510,4208395028,,,0,,,0,-92.6480596,41.2962144,,
,1511,4208395029,,,0,,,0,-92.6480972,41.3007495,,
,1512,4208395031,,,0,,,0,-92.6505365,41.3001497,,
,1513,4208395035,,,0,,,0,-92.6480663,41.296659,,
,1514,4208395037,,,0,,,0,-92.6505433,41.3011248,,
,1515,4208395043,,,0,,,0,-92.6492661,41.3001308,,
,1516,4208395046,,,0,,,0,-92.6505379,41.2984732,,
,1517,4208395048,,,0,,,0,-92.6480972,41.3001391,,
,1518,4208395051,,,0,,,0,-92.6480837,41.2984799,,
,1519,4208395055,,,0,,,0,-92.6486594,41.296661,,
,1520,4208395057,,,0,,,0,-92.6469036,41.2962181,,
,1521,4208395060,,,0,,,0,-92.6469008,41.2966731,,
,1522,4208395062,,,0,,,0,-92.6468982,41.2971125,,
,1524,4208395072,,,0,,,0,-92.6475044,41.2975477,,
,1525,4208395075,,,0,,,0,-92.648073,41.2971069,,
,1526,4208395077,,,0,,,0,-92.6486788,41.3001431,,
,1527,4208395078,,,0,,,0,-92.6498475,41.2989039,,
,1528,4208395079,,,0,,,0,-92.646925,41.2984851,,
,1529,4208395081,,,0,,,0,-92.6498416,41.2966651,,
,1530,4208395083,,,0,,,0,-92.6498496,41.300133,,
,1531,4208395084,,,0,,,0,-92.6492822,41.3018053,,
,1532,4208395087,,,0,,,0,-92.6505356,41.2978701,,
,1533,4208396091,,,0,,,0,-92.6469492,41.3026436,,
,1534,4208396093,,,0,,,0,-92.6515679,41.3002336,,
,1535,4208396095,,,0,,,0,-92.6469245,41.3011504,,
,1536,4208396097,,,0,,,0,-92.6505509,41.2989057,,
,1537,4208396098,,,0,,,0,-92.6515706,41.2970914,,
,1538,4208396100,,,0,,,0,-92.650534,41.297624,,
,1539,4208396102,,,0,,,0,-92.6475074,41.3001492,,
,1540,4208396106,,,0,,,0,-92.6505487,41.2993504,,
,1541,4208396110,,,0,,,0,-92.6492666,41.3007418,,
,1542,4208396112,,,0,,,0,-92.6486593,41.2975497,,
,1543,4208396118,,,0,,,0,-92.6451166,41.3012131,,
,1544,4208396119,,,0,,,0,-92.6492747,41.3034758,,
,1545,4208413852,,,0,,,0,-92.6574441,41.2966449,,
,1546,4208413854,,,0,,,0,-92.6539337,41.2966702,,
,1547,4208413860,,,0,,,0,-92.6549689,41.3015585,,
,1548,4208413867,,,0,,,0,-92.655087,41.2993478,,
,1549,4208413870,,,0,,,0,-92.6539197,41.2988916,,
,1550,4208413873,,,0,,,0,-92.6533369,41.3006711,,
,1551,4208413878,,,0,,,0,-92.6586329,41.2970941,,
,1552,4208413879,,,0,,,0,-92.6562591,41.2979689,,
,1553,4208413880,,,0,,,0,-92.6527427,41.298458,,
,1554,4208413882,,,0,,,0,-92.6545093,41.2988998,,
,1555,4208413883,,,0,,,0,-92.659805,41.2979668,,
,1556,4208413886,,,0,,,0,-92.6545024,41.2997845,,
,1557,4208414392,,,0,,,0,-92.656863,41.2975658,,
,1558,4208414395,,,0,,,0,-92.6539337,41.2962086,,
,1559,4208414397,,,0,,,0,-92.6556869,41.3015392,,
,1560,4208414398,,,0,,,0,-92.6592012,41.2975719,,
,1561,4208414399,,,0,,,0,-92.6533437,41.2988998,,
,1562,4208414401,,,0,,,0,-92.6550918,41.2988996,,
,1563,4208414402,,,0,,,0,-92.6591412,41.3010954,,
,1564,4208414403,,,0,,,0,-92.6544995,41.300667,,
,1565,4208414404,,,0,,,0,-92.6666439,41.3045577,,
,1566,4208414405,,,0,,,0,-92.6539229,41.2970866,,
,1567,4208414407,,,0,,,0,-92.6545004,41.3015617,,
,1568,4208414411,,,0,,,0,-92.6527454,41.2993519,,
,1569,4208414415,,,0,,,0,-92.6597889,41.2984594,,
,1570,4208414419,,,0,,,0,-92.6556896,41.2989059,,
,1572,4208414425,,,0,,,0,-92.6545183,41.2977613,,
,1573,4208414428,,,0,,,0,-92.6539202,41.2977714,,
,1574,4208414429,,,0,,,0,-92.6527536,41.297085,,
,1576,4208414431,,,0,,,0,-92.6533439,41.2997885,,
,1577,4208414432,,,0,,,0,-92.6574361,41.2975616,,
,1578,4208414434,,,0,,,0,-92.6580259,41.2979749,,
,1579,4208414436,,,0,,,0,-92.6533386,41.2977694,,
,1580,4208414439,,,0,,,0,-92.6580366,41.2966489,,
,1581,4208414441,,,0,,,0,-92.6592107,41.2966348,,
,1582,4208414446,,,0,,,0,-92.6539176,41.2984592,,
,1583,4208414451,,,0,,,0,-92.6562699,41.2975775,,
,1584,4208414452,,,0,,,0,-92.6667846,41.3046086,,
,1585,4208414453,,,0,,,0,-92.6556897,41.297983,,
,1586,4208414456,,,0,,,0,-92.6568636,41.2979749,,
,1587,4208414459,,,0,,,0,-92.6515706,41.2976323,,
,1588,4208414462,,,0,,,0,-92.6586362,41.2966486,,
,1589,4208414463,,,0,,,0,-92.6580285,41.2975638,,
,1590,4208414464,,,0,,,0,-92.6549714,41.3022998,,
,1591,4208414474,,,0,,,0,-92.6550897,41.298463,,
,1592,4208414475,,,0,,,0,-92.6591994,41.297983,,
,1593,4208414488,,,0,,,0,-92.6527401,41.3011214,,
,1594,4208414491,,,0,,,0,-92.6556892,41.2977714,,
,1595,4208414497,,,0,,,0,-92.6527374,41.3002397,,
,1596,4208414498,,,0,,,0,-92.6556888,41.2975699,,
,1597,4209893459,,,0,,,0,-92.6193664,41.298657,,
,1599,4209893477,,,0,,,0,-92.6187105,41.2975375,,
,1601,4209893641,,,0,,,0,-92.6186917,41.2974489,,
,1602,4209893681,,,0,,,0,-92.6193927,41.298396,,
,1603,4209893686,,,0,,,0,-92.6188634,41.2977934,,
,1604,4209893820,,,0,,,0,-92.6192607,41.2985654,,
,1605,4209922742,,,0,,,0,-92.6319324,41.2808118,,
,1606,4209922745,crossing,,0,,,0,-92.6314052,41.2740233,,
,1607,4209922764,,,0,,,0,-92.63177,41.2808228,,
,1608,4209923301,,,0,,,0,-92.6299874,41.2707707,,
,1610,4209923312,,,0,,,0,-92.6293509,41.2707993,,
,1614,4211939893,,,0,,,0,-92.6367945,41.2766281,,
,1616,4211939903,,,0,,,0,-92.6379308,41.2761078,,
,1617,4211941030,,,0,,,0,-92.6424564,41.2769237,,
,1618,4211941032,,,0,,,0,-92.6413209,41.2765881,,
,1619,4211941037,,,0,,,0,-92.640206,41.2771575,,
,1620,4213238307,,,0,,,0,-92.6386724,41.2774103,,
,1621,4213238319,,,0,,,0,-92.6397843,41.2769309,,
,1622,4213238331,,,0,,,0,-92.6386657,41.2774891,,
,1623,4213238333,,,0,,,0,-92.6403586,41.2746538,,
,1624,4213265295,crossing,,0,,,0,-92.6381777,41.2707302,,
,1625,4213265347,crossing,,0,,,0,-92.6375527,41.27046,,
,1626,4213268103,,,0,,,0,-92.6391481,41.2716921,,
,1627,4213268110,,,0,,,0,-92.6387003,41.2711698,,
,1628,4213268247,,,0,,,0,-92.6386204,41.275294,,
,1629,4213268289,,,0,,,0,-92.6382739,41.2707204,,
,1630,4213268389,,,0,,,0,-92.6375938,41.2704124,,
,1631,4213286713,,,0,,,0,-92.6338565,41.2741021,,
,1633,4213286718,,,0,,,0,-92.6333269,41.2743993,,
,1634,4213286728,,,0,,,0,-92.6377941,41.2715829,,
,1635,4213286733,,,0,,,0,-92.6336448,41.2734093,,
,1636,4213286734,,,0,,,0,-92.6311503,41.2743023,,
,1637,4213286735,,,0,,,0,-92.6329984,41.2738971,,
,1639,4213286756,,,0,,,0,-92.6331325,41.2738084,,
,1640,4213286759,,,0,,,0,-92.6353533,41.2732944,,
,1641,4213286774,,,0,,,0,-92.6401491,41.2699943,,
,1642,4213286778,,,0,,,0,-92.633162,41.2738951,,
,1644,4213288890,,,0,,,0,-92.6338646,41.2743077,,
,1645,4213288899,,,0,,,0,-92.6332853,41.2734012,,
,1646,4213288926,,,0,,,0,-92.637762,41.2693815,,
,1648,4213288965,,,0,,,0,-92.6333256,41.2738959,,
,1650,4213288972,,,0,,,0,-92.6359354,41.2723006,,
,1652,4213289118,,,0,,,0,-92.635812,41.2721232,,
,1653,4213289128,,,0,,,0,-92.6401894,41.2692867,,
,1654,4213289135,,,0,,,0,-92.6401035,41.2701476,,
,1657,4213289157,,,0,,,0,-92.6399775,41.2691295,,
,1658,4213289161,,,0,,,0,-92.6332371,41.2736653,,
,1659,4213289166,,,0,,,0,-92.6308606,41.2748043,,
,1660,4213289177,,,0,,,0,-92.6335723,41.2738971,,
,1661,4213289186,,,0,,,0,-92.6401143,41.2692162,,
,1663,4213290984,,,0,,,0,-92.6319493,41.2752417,,
,1666,4213291963,crossing,,0,,,0,-92.6340527,41.270471,,
,1667,4213291983,,,0,,,0,-92.6340149,41.2696879,,
,1669,4213291988,,,0,,,0,-92.6338352,41.2697242,,
,1671,4213294098,,,0,,,0,-92.6339809,41.2704233,,
,1673,4213294134,,,0,,,0,-92.6355089,41.268942,,
,1676,4213294152,,,0,,,0,-92.633913,41.2718994,,
,1678,4213294166,,,0,,,0,-92.6359702,41.2681578,,
,1679,4213294179,,,0,,,0,-92.6358388,41.2689238,,
,1683,4213294216,,,0,,,0,-92.6338272,41.2722885,,
,1684,4213294224,,,0,,,0,-92.6357154,41.2688069,,
,1685,4213294226,,,0,,,0,-92.6340846,41.2696194,,
,1687,4213294229,,,0,,,0,-92.630933,41.2684299,,
,1688,4213294235,,,0,,,0,-92.6296823,41.2683916,,
,1692,4213302313,,,0,,,0,-92.6311825,41.2752538,,
,1693,4213302315,,,0,,,0,-92.6315594,41.2749072,,
,1695,4213302344,,,0,,,0,-92.629608,41.2740322,,
,1697,4213302349,,,0,,,0,-92.6315634,41.2752034,,
,1699,4213302361,,,0,,,0,-92.631322,41.2759049,,
,1700,4213302500,,,0,,,0,-92.6289563,41.2739798,,
,1701,4213302509,,,0,,,0,-92.6309717,41.2752683,,
,1703,4213302515,,,0,,,0,-92.6290475,41.2770035,,
,1704,4213302518,,,0,,,0,-92.6294283,41.2750563,,
,1710,4213302696,,,0,,,0,-92.6310886,41.2767354,,
,1711,4213302700,,,0,,,0,-92.6313354,41.2760097,,
,1714,4213302728,,,0,,,0,-92.629725,41.273883,,
,1715,4213302750,,,0,,,0,-92.6296751,41.2748587,,
,1718,4213302763,,,0,,,0,-92.6318322,41.2752299,,
,1720,4213302769,,,0,,,0,-92.6313568,41.2752034,,
,1722,4213310897,,,0,,,0,-92.6425222,41.2802113,,
,1723,4213310903,,,0,,,0,-92.6436038,41.2802109,,
,1724,4213310920,,,0,,,0,-92.6436281,41.2801264,,
,1725,4213310960,,,0,,,0,-92.6415305,41.2805477,,
,1726,4213310968,,,0,,,0,-92.6437,41.2802109,,
,1727,4213310972,,,0,,,0,-92.6409411,41.2801641,,
,1728,4213319891,,,0,,,0,-92.6454103,41.2802713,,
,1729,4213319898,,,0,,,0,-92.6447267,41.2762396,,
,1730,4213319908,,,0,,,0,-92.643011,41.2767132,,
,1731,4213319923,,,0,,,0,-92.6442263,41.2762397,,
,1732,4213319955,,,0,,,0,-92.6449862,41.2777936,,
,1733,4213319960,,,0,,,0,-92.6443093,41.2801707,,
,1734,4213319961,,,0,,,0,-92.6443065,41.2803717,,
,1735,4213319975,,,0,,,0,-92.6437434,41.2767119,,
,1736,4213319976,,,0,,,0,-92.644017,41.2801668,,
,1737,4213319979,,,0,,,0,-92.644017,41.2798926,,
,1738,4213319983,,,0,,,0,-92.6445185,41.2784748,,
,1739,4213319994,,,0,,,0,-92.6442262,41.2764572,,
,1740,4213319995,,,0,,,0,-92.6440143,41.2804227,,
,1741,4213364919,,,0,,,0,-92.631158,41.2752589,,
,1742,4213364944,,,0,,,0,-92.6311235,41.2747478,,
,1743,4213364950,,,0,,,0,-92.6742573,41.2845442,,
,1744,4213366789,,,0,,,0,-92.6450807,41.2884963,,
,1746,4214752358,,,0,,,0,-92.6554363,41.2773751,,
,1747,4214786702,,,0,,,0,-92.6563402,41.2781411,,
,1749,4214786748,,,0,,,0,-92.6552298,41.2778045,,
,1750,4214786752,,,0,,,0,-92.6559728,41.2780907,,
,1751,4214786767,,,0,,,0,-92.6556428,41.2780242,,
,1752,4214786798,,,0,,,0,-92.6558065,41.2787539,,
,1753,4214786829,,,0,,,0,-92.6550394,41.2780786,,
,1754,4214786842,,,0,,,0,-92.6552888,41.277998,,
,1756,4214786858,,,0,,,0,-92.65549,41.2780101,,
,1757,4214786878,,,0,,,0,-92.6559969,41.2783386,,
,1758,4214786884,,,0,,,0,-92.6566202,41.277043,,
,1759,4214786892,,,0,,,0,-92.6565199,41.278766,,
,1760,4214786906,,,0,,,0,-92.6564368,41.2777964,,
,1767,4214812079,,,0,,,0,-92.6589795,41.2810175,,
,1768,4214812081,,,0,,,0,-92.6591351,41.2810416,,
,1778,4214812367,,,0,,,0,-92.6591592,41.2815794,,
,1784,4214812425,,,0,,,0,-92.657571,41.2813512,,
,1792,4214812509,,,0,,,0,-92.6586614,41.2811985,,
,1797,4214812561,,,0,,,0,-92.6591565,41.2812372,,
,1799,4214812579,,,0,,,0,-92.6589366,41.2812029,,
,1801,4214812594,,,0,,,0,-92.658376,41.281342,,
,1804,4214812602,,,0,,,0,-92.6584431,41.2814347,,
,1809,4214831992,,,0,,,0,-92.6794139,41.2741095,,
,1812,4216558940,,,0,,,0,-92.6591931,41.2842525,,
,1813,4216568049,,,0,,,0,-92.6513382,41.2808777,,
,1814,4216568064,,,0,,,0,-92.6519095,41.280787,,
,1815,4216568077,,,0,,,0,-92.6516856,41.2809026,,
,1816,4216568106,,,0,,,0,-92.6509922,41.2811558,,
,1817,4216568117,,,0,,,0,-92.6507227,41.2809954,,
,1818,4216568121,,,0,,,0,-92.6528417,41.2807688,,
,1819,4216568127,,,0,,,0,-92.6509305,41.2809583,,
,1820,4216568137,,,0,,,0,-92.6511679,41.2809712,,
,1821,4216585143,,,0,,,0,-92.6563111,41.2838306,,
,1822,4216585145,,,0,,,0,-92.659126,41.2841597,,
,1823,4216585162,,,0,,,0,-92.655603,41.2852703,,
,1824,4216585183,,,0,,,0,-92.657974,41.284284,,
,1825,4216586394,,,0,,,0,-92.6556089,41.2846103,,
,1826,4216586398,,,0,,,0,-92.6563151,41.2840831,,
,1827,4216586407,,,0,,,0,-92.6563088,41.283646,,
,1828,4216586409,crossing,,0,,,0,-92.6591985,41.2840878,,
,1829,4216586418,,,0,,,0,-92.6591958,41.2841618,,
,1830,4216586423,,,0,,,0,-92.6593446,41.2842276,,
,1833,4216604773,,,0,,,0,-92.6584032,41.2817242,,
,1834,4216604774,,,0,,,0,-92.6583925,41.2818996,,
,1835,4216604775,,,0,,,0,-92.6568676,41.2829403,,
,1836,4216604776,,,0,,,0,-92.6581081,41.2816202,,
,1838,4216604782,,,0,,,0,-92.657931,41.2816819,,
,1839,4216604783,,,0,,,0,-92.6586768,41.2819862,,
,1841,4216608209,,,0,,,0,-92.6582999,41.2820657,,
,1842,4216608211,,,0,,,0,-92.6544751,41.2804773,,
,1844,4216608221,,,0,,,0,-92.6582986,41.2818975,,
,1845,4216608225,,,0,,,0,-92.6567845,41.2828597,,
,1846,4216608234,,,0,,,0,-92.6569669,41.2828839,,
,1847,4216608240,,,0,,,0,-92.6542482,41.2818792,,
,1848,4216608245,,,0,,,0,-92.6560832,41.28274,,
,1850,4216608255,,,0,,,0,-92.6576795,41.2817814,,
,1852,4216608263,,,0,,,0,-92.6583025,41.2822725,,
,1853,4216608267,,,0,,,0,-92.6583619,41.2822725,,
,1855,4216608273,,,0,,,0,-92.6582959,41.2817242,,
,1856,4216608281,,,0,,,0,-92.6586798,41.2821592,,
,1857,4216608289,,,0,,,0,-92.6598247,41.2815819,,
,1858,4216608293,,,0,,,0,-92.6530819,41.2819104,,
,1860,4216608295,,,0,,,0,-92.6590496,41.281579,,
,1861,4216608299,,,0,,,0,-92.6588752,41.2816558,,
,1862,4216608304,,,0,,,0,-92.6579365,41.281791,,
,1863,4216608307,crossing,,0,,,0,-92.6565317,41.2831749,,
,1865,4216608328,,,0,,,0,-92.6588726,41.2815783,,
,1867,4216608335,,,0,,,0,-92.6576723,41.2820133,,
,1868,4216608338,,,0,,,0,-92.6577909,41.2829013,,
,1869,4216608340,,,0,,,0,-92.6585427,41.2813916,,
,1872,4216608368,,,0,,,0,-92.658548,41.281577,,
,1873,4216608373,,,0,,,0,-92.6586785,41.282083,,
,1874,4216608383,,,0,,,0,-92.6591193,41.2817383,,
,1877,4216608396,,,0,,,0,-92.653201,41.2825816,,
,1878,4216608408,,,0,,,0,-92.6597193,41.2817392,,
,1879,4216608413,,,0,,,0,-92.6586714,41.2815775,,
,1880,4216608414,,,0,,,0,-92.6573744,41.281952,,
,1881,4216608417,,,0,,,0,-92.6583349,41.2823793,,
,1882,4216608418,,,0,,,0,-92.658295,41.2815891,,
,1885,4216608432,,,0,,,0,-92.6581135,41.2817062,,
,1886,4216608438,,,0,,,0,-92.6599979,41.2817948,,
,1891,4216657675,crossing,,0,,,0,-92.655123,41.2827159,,
,1898,4216657686,,,0,,,0,-92.6549579,41.2827005,,
,1905,4216701378,,,0,,,0,-92.6663428,41.2786487,,
,1912,4216701476,,,0,,,0,-92.6660911,41.2787916,,
,1916,4216701523,,,0,,,0,-92.6545035,41.29213,,
,1918,4218299661,,,0,,,0,-92.6616379,41.2795072,,
,1919,4218299664,,,0,,,0,-92.6612194,41.2806642,,
,1920,4218299668,,,0,,,0,-92.6599885,41.2794971,,
,1921,4218309791,,,0,,,0,-92.6618471,41.2802188,,
,1922,4218309799,,,0,,,0,-92.6612168,41.2798378,,
,1923,4218309801,,,0,,,0,-92.6614018,41.279481,,
,1924,4218309809,,,0,,,0,-92.6615815,41.2808376,,
,1925,4218309814,,,0,,,0,-92.6615225,41.2804647,,
,1926,4218309817,,,0,,,0,-92.6616459,41.2805171,,
,1927,4218309829,,,0,,,0,-92.6614501,41.2793419,,
,1928,4218309835,,,0,,,0,-92.661375,41.2804062,,
,1929,4218309841,,,0,,,0,-92.661249,41.2809746,,
,1930,4218309842,,,0,,,0,-92.661375,41.2803719,,
,1931,4218309844,,,0,,,0,-92.6611122,41.2794218,,
,1932,4218309857,,,0,,,0,-92.661139,41.2795173,,
,1933,4218309869,,,0,,,0,-92.6620107,41.279473,,
,1934,4218309871,,,0,,,0,-92.6612999,41.2805332,,
,1935,4218309876,,,0,,,0,-92.6616647,41.281017,,
,1936,4218309883,,,0,,,0,-92.6614689,41.281541,,
,1937,4218309886,,,0,,,0,-92.661434,41.281025,,
,1938,4218309888,,,0,,,0,-92.6615252,41.2804909,,
,1939,4218311997,,,0,,,0,-92.6656531,41.2814987,,
,1940,4218312002,,,0,,,0,-92.6654091,41.2813697,,
,1941,4218312003,,,0,,,0,-92.6650362,41.2817506,,
,1942,4218312025,,,0,,,0,-92.6665034,41.2817103,,
,1943,4218312029,,,0,,,0,-92.6645308,41.2801184,,
,1945,4218312052,,,0,,,0,-92.6653527,41.2816035,,
,1949,4218330810,,,0,,,0,-92.666954,41.2818111,,
,1951,4218330829,,,0,,,0,-92.6656719,41.2820913,,
,1955,4218330854,,,0,,,0,-92.6670184,41.2818172,,
,1960,4218331831,,,0,,,0,-92.6658355,41.280636,,
,1961,4218341148,,,0,,,0,-92.6615011,41.2852802,,
,1962,4218341150,,,0,,,0,-92.6591934,41.2910776,,
,1964,4218341179,,,0,,,0,-92.6629736,41.2843628,,
,1966,4218341182,,,0,,,0,-92.6627416,41.2844882,,
,1967,4218347210,,,0,,,0,-92.6622186,41.2845849,,
,1968,4218347218,,,0,,,0,-92.6622223,41.2847695,,
,1969,4218347223,,,0,,,0,-92.6629776,41.2843028,,
,1970,4218347227,,,0,,,0,-92.6600269,41.2910802,,
,1971,4218358411,,,0,,,0,-92.6588229,41.2872232,,
,1972,4218378747,,,0,,,0,-92.6636536,41.2943736,,
,1973,4218379000,turning_circle,,0,,,0,-92.6629119,41.2936437,,
,1974,4218379027,turning_circle,,0,,,0,-92.6620934,41.2936458,,
,1975,4218379036,,,0,,,0,-92.6648958,41.2940735,,
,1976,4218379045,,,0,,,0,-92.6634926,41.2944381,,
,1977,4218379058,,,0,,,0,-92.6636287,41.2941918,,
,1978,4218379066,,,0,,,0,-92.6622883,41.2941781,,
,1979,4218379075,,,0,,,0,-92.663763,41.2942891,,
,1980,4218379098,,,0,,,0,-92.6635342,41.2942233,,
,1981,4218379100,,,0,,,0,-92.6627547,41.2950549,,
,1982,4218379112,,,0,,,0,-92.6628046,41.2952862,,
,1983,4218415684,,,0,,,0,-92.6697023,41.2958626,,
,1984,4218421235,,,0,,,0,-92.6698657,41.2953256,,
,1985,4218421242,,,0,,,0,-92.6693117,41.2961277,,
,1987,4218421273,,,0,,,0,-92.6712826,41.2967182,,
,1988,4218421298,,,0,,,0,-92.663788,41.2905454,,
,1989,4218421334,,,0,,,0,-92.6648819,41.2911613,,
,1990,4218421338,,,0,,,0,-92.667966,41.3040755,,
,1991,4218421359,,,0,,,0,-92.6660957,41.2925064,,
,1992,4218421362,,,0,,,0,-92.6616566,41.2899456,,
,1993,4218421368,,,0,,,0,-92.6713752,41.2981903,,
,1994,4218421386,,,0,,,0,-92.6690849,41.2950688,,
,1995,4218421404,,,0,,,0,-92.6637394,41.2910282,,
,1996,4218455873,,,0,,,0,-92.6618874,41.3021953,,
,1997,4218457950,,,0,,,0,-92.6607892,41.3006313,,
,1998,4218457960,crossing,,0,,,0,-92.6670802,41.3040003,,
,1999,4218457962,,,0,,,0,-92.6699417,41.3040216,,
,2000,4218457985,,,0,,,0,-92.6619232,41.3046894,,
,2001,4218457988,,,0,,,0,-92.660248,41.3034368,,
,2002,4218458005,,,0,,,0,-92.6664237,41.3015485,,
,2004,4218458022,,,0,,,0,-92.6618941,41.3034467,,
,2006,4218458041,,,0,,,0,-92.6619169,41.3012648,,
,2007,4218458052,crossing,,0,,,0,-92.6668326,41.3037352,,
,2008,4218458069,,,0,,,0,-92.6608709,41.3046987,,
,2009,4218458082,,,0,,,0,-92.6608183,41.3021915,,
,2010,4218458088,,,0,,,0,-92.6608402,41.3034404,,
,2011,4218458099,crossing,,0,,,0,-92.6668494,41.3036675,,
,2012,4218458124,crossing,,0,,,0,-92.666996,41.3039681,,
,2013,4218467302,,,0,,,0,-92.6685177,41.3027318,,
,2014,4218467305,,,0,,,0,-92.6685231,41.3032539,,
,2015,4218467313,,,0,,,0,-92.6680898,41.3023594,,
,2016,4218467328,,,0,,,0,-92.6687162,41.3014708,,
,2017,4218467330,,,0,,,0,-92.6658892,41.3033221,,
,2018,4218467340,,,0,,,0,-92.6690461,41.3016034,,
,2019,4218467345,,,0,,,0,-92.668102,41.3014669,,
,2020,4218467346,,,0,,,0,-92.6667774,41.3026003,,
,2021,4218467347,,,0,,,0,-92.6677097,41.3032756,,
,2022,4218467359,,,0,,,0,-92.6693036,41.3032517,,
,2023,4218467361,,,0,,,0,-92.6687108,41.3017424,,
,2024,4218467365,,,0,,,0,-92.6694136,41.304701,,
,2025,4240690689,,,0,,,0,-92.6510055,41.2989055,,
,2026,4240690690,,,0,,,0,-92.6556689,41.2921344,,
,2027,4240690691,,,0,,,0,-92.6504236,41.2880296,,
,2028,4240690692,,,0,,,0,-92.6373934,41.2880001,,
,2029,4376096829,,,0,,,0,-92.5967445,41.3385182,,
,2031,4376096835,,,0,,,0,-92.5973328,41.3405466,,
,2032,4517972633,,,0,,,0,-92.7049031,41.2677577,,
,2033,4709215102,,,0,,,0,-92.6219602,41.3025672,,
,2034,4709215119,,,0,,,0,-92.6206636,41.300384,,
,2035,4842894741,,,0,,,0,-92.6646849,41.3125958,,
,2036,4842894746,,,0,,,0,-92.6604405,41.311364,,
,2038,4842894772,,,0,,,0,-92.6604626,41.3128061,,
,2041,4842895121,,,0,,,0,-92.6647578,41.3105585,,
,2043,6056558517,,,0,,,0,-92.6224724,41.3329587,,
,2044,6056558526,,,0,,,0,-92.6209475,41.3324108,,
,2045,6056558531,,,0,,,0,-92.6211863,41.3323137,,
,2046,6056558534,,,0,,,0,-92.6209344,41.3319275,,
,2047,6498592483,,,0,,,0,-92.6420872,41.2899733,,
,2048,6498650682,,,0,,,0,-92.6433705,41.2953255,,
,2049,6498650683,,,0,,,0,-92.643373,41.2948656,,
,2050,6514192875,,,0,,,0,-92.6638638,41.3052865,,
,2051,6514192887,,,0,,,0,-92.6638763,41.3062648,,
,2052,6514192888,,,0,,,0,-92.6652627,41.3052792,,
,2053,6514192894,,,0,,,0,-92.6656236,41.3055278,,
,2054,6514192895,,,0,,,0,-92.6657166,41.3056802,,
,2055,6514192909,,,0,,,0,-92.6662482,41.3055188,,
,2056,6514192910,,,0,,,0,-92.666208,41.3056986,,
,2057,6514192932,,,0,,,0,-92.6664523,41.3050745,,
,2058,6514192933,crossing,,0,,,0,-92.6652627,41.3053756,,
,2059,6514192934,crossing,,0,,,0,-92.6638651,41.3053851,,
,2060,6522124019,,,0,,,0,-92.6358495,41.2923287,,
,2061,6522124061,,,0,,,0,-92.6368172,41.2922362,,
,2062,6525010857,,,0,,,0,-92.6409095,41.2921881,,
,2063,6525010858,,,0,,,0,-92.6397615,41.292192,,
,2064,6525010859,,,0,,,0,-92.6403363,41.2921901,,
,2065,6555492649,,,0,,,0,-92.6694578,41.3105472,,
,2066,6555492662,,,0,,,0,-92.6647822,41.3143249,,
,2067,6555492664,,,0,,,0,-92.6601619,41.3143326,,
,2068,6570382993,,,0,,,0,-92.6741313,41.3102527,,
,2069,6570382995,,,0,,,0,-92.6745418,41.309775,,
,2070,8010016949,,,0,,,0,-92.6663251,41.3050293,,
,2071,,,,0,,,0,-92.64280240813537,41.2558,,
,2072,,,,0,,,0,-92.5227,41.292932555860446,,
,2073,,,,0,,,0,-92.5645603852899,41.2558,,
,2074,,,,0,,,0,-92.7263,41.28708606550581,,
,2075,,,,0,,,0,-92.60309675372334,41.2558,,
,2076,,,,0,,,0,-92.68875362648221,41.2558,,
,2077,,,,0,,,0,-92.7037217496128,41.3418,,
,2078,,,,0,,,0,-92.58884353920953,41.2558,,
,2079,,,,0,,,0,-92.65037597917846,41.2558,,
,2081,,,,0,,,0,-92.7263,41.25970259771524,,
,2083,,,,0,,,0,-92.7175614,41.2558,,
,2084,,,,0,,,0,-92.7263,41.27791856239189,,
,2085,,,,0,,,0,-92.7263,41.30204647079439,,
,2086,,,,0,,,0,-92.66482845561826,41.2558,,
,2087,,,,0,,,0,-92.71716566120219,41.2558,,
,2088,,,,0,,,0,-92.693702530985,41.2558,,
,2089,,,,0,,,0,-92.5227,41.30371169337114,,
,2090,,,,0,,,0,-92.61286431807603,41.3418,,
,2093,,,,0,,,0,-92.7263,41.27057289961496,,
,2094,,,,0,,,0,-92.5227,41.271211592855536,,
,2096,,,,0,,,0,-92.7263,41.31420657588899,,
,2097,,,,0,,,0,-92.64091746141158,41.2558,,
,2098,,,,0,,,0,-92.7263,41.33423672306114,,
,2099,,,,0,,,0,-92.64106259917784,41.2558,,
,2100,,,,0,,,0,-92.63179131518577,41.2558,,
,2101,,,,0,,,0,-92.6414926907437,41.2558,,
,2102,,,,0,,,0,-92.52615954163363,41.2558,,
,2103,,,,0,,,0,-92.7263,41.33463706397877,,
,2104,,,,0,,,0,-92.55542769584724,41.3418,,
,2105,,,,0,,,0,-92.59239492449673,41.3418,,
,2106,,,,0,,,0,-92.7263,41.33454117228079,,
,2107,,,,0,,,0,-92.6414058048606,41.2558,,
,2108,,,,0,,,0,-92.67944631349205,41.2558,,
,2109,,,,0,,,0,-92.5227,41.309476842665426,,
,2110,,,,0,,,0,-92.6796577092141,41.3418,,
,2111,,,,0,,,0,-92.65250302607076,41.3418,,
,2112,,,,0,,,0,-92.62253420393817,41.3418,,
